tracks	play-repeated	heart	comment
AcÃºstico 1Kilo -  Deixe Me Ir (DOWNLOAD FREE)(Baviera Knust E Pablo Martins)	24,731,506	446,212	1,742
Alok & Sevenn - BYOB [ FREE DOWNLOAD ]	32,291,949	444,165	8,243
Ana W Enta 2016 Ø£Ù†Ø§ ÙˆØ¥Ù†Øª Ø¹Ù…Ø±Ùˆ Ø¯ÙŠØ§Ø¨ Ù…Ù† Ø£Ù„Ø¨ÙˆÙ… Ø£Ø­Ù„Ù‰ ÙˆØ£Ø­Ù„Ù‰	37,886,086	1,059,947	3,204
Adele | Set Fire To The Rain ( Reggae Version By Reggaesta )	21,521,515	364,369	4,122
Adult Swim - Dj SpinKing Ft. Tyga, Asap Ferg, Jeremih, & Velous (Produced By Vinylz x SpinKing)	28,828,614	370,964	1,428
Amr Diab-Khalek Fakerny Ø¹Ù…Ø±Ùˆ Ø¯ÙŠØ§Ø¨-Ø®Ù„ÙŠÙƒ ÙØ§ÙƒØ±Ù†Ù‰	27,223,405	855,873	2,449
Animals - Martin Garrix VS Trendsetter (J.Fernandez TrapEdit)	20,580,187	229,374	7,975
Andy Grammer - Honey I'm Good	17,372,208	179,687	1,838
ASAP Rocky â€“ LSD	22,664,262	360,388	1,461
Alexio Ft. Daddy Yankee, Nicky Jam, Farruko y Mas - Tumba La Casa (Remix)	21,035,539	200,535	1,475
Avicii - The Nights	15,987,728	225,240	5,498
ASAP Rocky - Big Spender	19,100,431	324,903	867
Adele - When We Were Young	11,034,728	219,147	1,097
Aventura - solo por un beso	14,115,333	144,755	908
Ayzha Nyree x No Guidance Remix	14,512,048	287,628	5,006
ANUEL AA FT OZUNA - BRINDEMOS	19,534,181	263,169	1,377
Aaron Lewis - "Country Boy"	8,190,614	88,999	1,407
airplane mode	13,850,670	202,667	5,972
Attack on titan Full ( Shingeki no Kyojin)	15,620,209	126,352	7,394
Alan Walker vs Coldplay Hymn For The Weekend [Remix]	15,180,175	212,505	3,778
AC/DC - Back in Black	12,733,351	168,866	2,647
AC DC    Highway To Hell	12,418,966	151,249	2,217
Aaliyah - "Enough Said" (feat. Drake)	17,025,061	261,635	3,212
August Alsina - Porn Star (Prod by $K & DJ Spinz)	13,238,745	180,219	1,257
Alexio Ft. Daddy Yankee, Nicky Jam, Farruko y Mas - Tumba La Casa (Remix)	21,035,541	200,535	1,475
At Night (Stolen Goodz Bootleg)	933,526	3,531	130
As she passes	14,314,904	220,286	6,353
Adele - Someone Like You	13,804,620	339,726	2,318
Avicii - The Nights	15,987,759	225,240	5,498
ASAP Rocky - Big Spender	19,100,434	324,903	867
Ann Marie - In My Feelings (Treat Me Like Somebody Remake)	14,419,050	201,031	1,066
Alan Walker - Faded || ( Medium Quality )	18,290,990	287,300	6,352
Anti	23,945,819	290,030	1,783
Aaron Smith - Dancin (Remix by KRONO)	19,947,573	264,379	4,349
Akon - Don't Matter	14,634,946	254,748	1,568
Alien Boy	18,710,351	262,017	6,241
ASAP Mob (ASAP Rocky & ASAP Ant) - Bath Salt ft. Flatbush Zombies	21,079,685	302,658	1,219
Aux Cord Approved	16,525,199	233,859	1,378
Aku Tenang	16,025,365	201,438	2,096
Already Gone	10,541,960	175,131	2,075
Ahmed Kamel - Cancer || Ø£Ø­Ù…Ø¯ ÙƒØ§Ù…Ù„ - ÙƒØ§Ù†Ø³Ø±	26,134,737	712,355	3,163
Adele - When We Were Young	11,034,753	219,146	1,097
Austin Mahone - All I Ever Need	13,490,805	160,281	1,234
Aventura - solo por un beso	14,115,342	144,755	908
Arabic Remix - Fi Ha ( Burak Balkan Remix ) [ Download = BUY ]	11,134,109	241,281	1,856
Ayzha Nyree x No Guidance Remix	14,512,100	287,626	5,006
Amor Tumbado	18,241,568	193,507	5,913
ANUEL AA FT OZUNA - BRINDEMOS	19,534,184	263,169	1,377
Ambition (feat. Meek Mill & Rick Ross)	12,530,058	181,918
tracks	play-repeated	heart	comment
Aaron Lewis - "Country Boy"	8,190,616	88,999	1,407
Abstract- Neverland (ft. Ruth B) Prod. By Blulake	10,777,863	145,936	1,524
Astronaut In The Ocean	13,473,084	382,527	11,537
A Cara do Crime "NÃ“S INCOMODA"- MC Poze do Rodo | Bielzin | PL Quest | MC Cabelinho (prod. Neobeats)	26,273,603	417,477	4,152
airplane mode	13,850,740	202,667	5,972
Asap Rocky - Lord Pretty Flacko Jodye 2 [Glitter Edit]	20,311,458	246,213	752
Attack on titan Full ( Shingeki no Kyojin)	15,620,222	126,352	7,394
Ann Marie- Secret ft YK Osiris	14,151,970	208,132	1,945
Anuel x Nengo Flow - 47 (Remix) ft. Bad Bunny, Darell, Farruko, SinfÃ³nico, Casper [Official Audio]	18,018,177	243,833	1,876
Alan Walker vs Coldplay Hymn For The Weekend [Remix]	15,180,256	212,504	3,778
AC DC - Thunderstruck	8,679,254	99,629	1,804
Adhi Adhi Raat - Bilal Saeed HQ Mp3	3,837,423	81,904	982
Ae Dil Hai Mushkil Jukebox	4,644,971	105,170	879
Again	7,505,323	100,842	965
Ann Marie - Ride For Me (feat. Yung Bleu)	5,574,178	87,611	910
Atown - Good Morning To You (The Birds Are Chirping Song)	4,276,387	64,172	526
Aankhon Kay Sagar - Coke Studio, Season 2	3,022,413	61,493	822
Aazar X Rae Sremmurd - Come Get Her	5,579,288	80,714	571
Ark Night (Chance The Rapper X Zookeepers & Ship Wrek)	5,078,924	68,643	354
Avenged Sevenfold - So Far Away	5,441,071	67,561	1,054
Alexis Y Fido Ft. Cosculluela Y Nengo Flow - Blam Blam	7,090,923	59,288	533
Arcangel - Flow Violento	5,588,921	53,892	425
Ahmed ajmi al molk   Ø³ÙˆØ±Ø© Ø§Ù„Ù…Ù„Ùƒ Ø§Ø­Ù…Ø¯ Ø¨Ù† Ø¹Ù„Ù‰ Ø§Ù„Ø¹Ø¬Ù…ÛŒ -ØªØ¨Ø§Ø±Ú©	4,715,512	79,909	660
Aline Barros - Ressucita-me	3,788,227	42,799	315
Aerosmith - I don't wanna miss a thing	3,185,158	47,802	296
Alan Walker & Sia - Faded + Cheap Thrills + Alive + Airplanes (ft. Hayley Williams, B.o.B, S. Paul)	6,319,982	87,468	1,251
Artic monkeys - mardy bum	4,607,165	48,642	377
Adele One And Only	4,344,742	61,999	223
Avril Lavigne - I'm With You	4,053,528	41,502	482
Achko Machko - Honey Singh	2,612,453	44,065	928
Arctic Monkeys R U Mine ?	3,944,622	42,851	176
Ahmed ajmi al molk   Ø³ÙˆØ±Ø© Ø§Ù„Ù…Ù„Ùƒ Ø§Ø­Ù…Ø¯ Ø¨Ù† Ø¹Ù„Ù‰ Ø§Ù„Ø¹Ø¬Ù…ÛŒ -ØªØ¨Ø§Ø±Ú©	4,715,518	79,909	660
Aline Barros - Ressucita-me	3,788,227	42,799	315
Alan Walker & Sia - Faded + Cheap Thrills + Alive + Airplanes (ft. Hayley Williams, B.o.B, S. Paul)	6,319,989	87,468	1,251
Artic monkeys - mardy bum	4,607,167	48,642	377
Adele One And Only	4,344,742	61,999	223
Avril Lavigne - I'm With You	4,053,528	41,502	482
Achko Machko - Honey Singh	2,612,456	44,065	928
Arctic Monkeys R U Mine ?	3,944,622	42,851	176
Ahora Me Llama - Karol G, Bad Bunny	6,513,461	78,865	570
Amr_Diab_-_Aks_Baad_(Ø¹Ù…Ø±Ùˆ_Ø¯ÙŠØ§Ø¨_-_Ø¹ÙƒØ³_Ø¨Ø¹Ø¶_(ÙƒÙ„Ù…Ø§Øª.mp3	7,074,289	190,864	590
All of me by John Legend (Boyce Avenue Acoustic Cover)	3,861,664	37,516	252
Alone Time - Lil Uzi Vert	6,371,783	88,554	412
A Thousand Miles  - Vanessa Carlton	4,133,342	45,867	616
Angreji Beat (Cocktail) - Yo Yo Honey Singh [Full Song]	2,889,086	53,115	283
ALL MY FRIENDS ARE WASTED	4,771,820	64,258	294
Alan Walker - Faded (Where Are You Now) (Nightcore Remix)	6,011,179	74,582	1,689
Adele-some one like you(bachata miX)dj-6-	4,151,105	62,700	301
As The World Caves In Cover By Sarah Cothran (ORIGINAL)	3,907,639	76,309	2,221
Amy Winehouse - You know I'm no good - Skeewiff Remix	3,328,166	47,599	460
ALKALINE - MOVE MOUNTAINS (THINGS MI LOVE	3,958,296	57,195	395
Amy Winehouse - You know I'm no good - Skeewiff Remix	3,328,166	47,599	460
ALKALINE - MOVE MOUNTAINS (THINGS MI LOVE	3,958,296	57,195	395
Allah Waariyan Yaariyan 2013 (Follow Me Guys)	3,357,798	66,070	502
Alkaline-City	4,046,568	51,253	288
Anitta-Movimento Da Sanfoninha (VersÃ£o studio)	3,715,258	45,597	138
Arctic Monkeys - Feels Like We Only Go Backwards (Tame Impala)	4,152,874	66,249	883
Arctic Tundra- Juice WRLD	4,516,966	64,371	1,292
Astrid S - Hurts So Good (Markus Johnsen Edit)	5,733,230	77,884	632
Avril Lavigne - Smile	3,745,625	37,159	609
All Of Me - Madilyn Bailey And Jason Chen ( John Legend )	3,163,531	49,913	886
ACDC - Thunderstruck Lyrics	2,754,218	35,365	996
Al Green - Love And Happiness	1,894,055	32,959	266
Atomic Te De Campana Full%5b1%5d	4,692,441	52,927	113
August Alsina - Bandz	3,625,010	46,277	435
ANJI - Kekasih Terhebat	5,066,084	60,199	223
Akele Na Jaana- Zahra Haider Khan	2,925,071	56,451	1,055
AYO EISHA FT. GUTTA KAY - EISHA NO! ( PYT Diss Track ) (FREE DOWNLOAD)	3,991,770	69,655	2,683
Avril Lavigne-When youÂ´re gone	3,446,353	39,793	311
Aline Barros - Aos olhos do Pai	3,260,161	35,596	253
Alkaline-Ride On Me (Raw)	2,950,427	48,275	594
Amy Winehouse - Back To Black	2,825,809	55,558	365
Attack on titan Opening 2	4,302,015	36,509	1,631
ASAP Rocky - L$D (A.L.L.A)	4,671,381	59,961	166
Aj Phir tum pe Pyar aya hai - - Hate Story 2  Full Song	2,477,253	51,443	437
Avril Lavigne - Won t Let You Go	2,381,744	32,413	523
Atif Aslam â€“ Channa (Coke Studio Season 6, Episode 3)320kbps	2,396,764	43,569	373
Aventura - Romeo y Julieta	4,939,965	35,583	175
AC DC - High way to hell FINAL	2,607,639	27,898	348
AFLOJELE	1,593,868	44,583	409
ASAP Rocky - Demons (prod. Clams Casino)	4,801,311	64,270	248
Ahmed Kamel - Ra7 El Bait 2 | Ø£Ø­Ù…Ø¯ ÙƒØ§Ù…Ù„ - Ø±Ø§Ø­ Ø§Ù„Ø¨ÙŠØª 2	6,062,970	169,122	417
Asser Yassin & Myriam Fares 7ala 7elwa Ø­Ø§Ù„Ø© Ø­Ù„ÙˆØ©	4,596,030	147,645	836
Asala _ Alomo 3la eh \ Ø§ØµØ§Ù„Ø© _ Ø§Ù„ÙˆÙ…Ø© Ø¹Ù„ÙŠ Ø§ÙŠÙ‡	8,372,295	211,598	1,000
ACDC, Bon Jovi, Van Halen, Guns n Roses - daves Rock Remix	3,969,457	27,176	614
Alligatoah - Willst du (OFFICIAL VERSION)	3,034,314	30,321	869
Almost is Never Enough ( Ariana Grande ft. Nathan Sykes Cover ) by Gamaliel & Audrey	3,040,996	31,103	1,327
Alex Clare - Too Close	3,573,638	40,099	586
Armada - bebaskan diriku	5,321,396	57,757	481
Anna Kendrick - Cups (Radio Version) Pitch Perfect	2,868,182	30,188	502
Avril Lavigne - Let Me Go Feat. Chad Kroeger (Extended Opening)	3,591,504	31,026	867
Aaron Smith - Dancin (Linier Remix)	7,137,912	124,410	587
Ayo & Teo "Lit Right Now" | PROD. BL$$D #litrighnowanthem (OFFICIAL)	5,422,118	77,998	1,499
Another Brick in the Wall - Pink Floyd	4,458,717	69,645	948
Alessia Cara - Out Of Love (Official Live Performance)  Vevo x Alessia Cara.mp3	7,400,582	76,791	983
Asala Khanat El-Zekrayat Ø§ØµØ§Ù„Ø© Ø®Ø§Ù†Ø§Øª Ø§Ù„Ø²ÙƒØ±ÙŠØ§Øª	8,500,456	225,179	687
Ace Hood  "I Need Your Love" (ft Trey Songz)	4,595,642	66,485	490
Adele - Someone like You " Ø§Ø¯ÙŠÙ„ Ø¹Ù„Ù‰ Ø§Ù„Ù‚Ù‡ÙˆØ© "(moseqar remix)	6,857,807	106,220	4,370
Anne Marie - 2002(FULL)	6,568,151	105,103	1,431
Ariana Grande-Thank U, Next	4,787,973	79,821	1,170
Adele Tribute 19/21 - Make you Feel My Love	5,540,018	81,229	468
ALi KHedr - Ø±Ø§Ù…Ù‰ ØµØ¨Ø±Ù‰ _ Ù†ÙØ³Ù‡Ø§ ØªØ´ÙˆÙÙ†Ù‰.mp3	11,794,974	366,533	895
Another Round (feat. Chris Brown)	5,516,011	82,861	331
Anuel - Ayer (Prod. Dj Nelson Y Dj Luian) (Flow La Discoteka 3) (WWW.ELGENERO.COM)	11,402,647	130,250	1,109
Antoine Chambe - Dream Of Me	8,686,217	105,512	1,707
Akcent - Kamelia (Extended) feat Lidia Buble & DDY Nunes	4,664,521	93,437	817
Aaliyah - Come Over	3,957,128	78,089	234
Ariana Grande - "No Tears Left To Cry" (Cover by TeraBrite)	5,691,717	98,310	3,029
American Boy, But Shibuya Is There Too	5,903,676	117,857	1,623
Anjaana Anjaani - 05 - Tujhe Bhula Diya	5,087,113	115,377	404
Almighty Ft Farruko - Panda (Spanish Version)	8,202,869	91,336	575
AVICII vs RICK ASTLEY - Never Gonna Wake You Up (Get Knocked Down) (NilsOfficial Mashup)	4,615,059	72,514	883
Ahmed Kamel - 2ooly (Official music) | Ø£Ø­Ù…Ø¯ ÙƒØ§Ù…Ù„ -  Ù‚ÙˆÙ„ÙŠ ØºØ§Ø¨ Ù…Ø´ ÙØ§ÙƒØ±Ù‡ Ø´ÙƒÙ„Ù‡ ØªÙˆØ²ÙŠØ¹ Ù„Ù…Ø¨ÙŠ Ù…ØµØ±	10,471,717	333,929	3,005
Argumentasi Dimensi	8,223,059	85,840	658
Almost Is Never Enough Feat. Barsena - Ariana Grande Feat. Nathan Sykes	5,890,863	57,939	1,620
ARCANGEL FT BAD BUNNY - ORIGINAL (ARES)	8,044,941	109,852	169
Anas kareem  El tal2a el russye  -  Ø§Ù†Ø³ ÙƒØ±ÙŠÙ… Ø§Ù„Ø·Ù„Ù‚Ø© Ø§Ù„Ø±ÙˆØ³ÙŠØ©	6,834,755	130,154	808
All Of Me (Feat. Barsena) - John Legend	7,282,179	65,785	2,039
Atif Aslam,Bohemia and Arijit Singh mashup	5,751,324	116,092	644
Alan Walker - Darkside	6,322,600	98,086	3,079
Ayyan - Earthquake (Official Audio)	31,882,200	101,570	2,992
Aaj Jaane Ki Zid Na Karo | Naamkarann | Arijit Singh	4,395,612	107,097	540
ark patrol - let go (slowed + reverb) instrumental loop	9,815,292	115,093	5,753
Aye Mere Humsafar	4,622,690	99,121	453
Aerosmith - Crazy	4,427,504	46,018	411
Alan Walker - Alone (WildVibes Remix) *SUPPORTED BY TIÃ‹STO & THE CHAINSMOKERS*	7,371,501	93,097	7,508
Alan Walker - The Spectre	6,035,272	78,559	2,778
Alkaline Ft Spice - Only Thing Mi Want (Raw - Single)	2,450,778	27,322	142
Akon - Lonely	2,798,274	52,665	541
Armada Band - Hargai Aku	4,093,143	44,494	409
aye khuda jab bna uska hi bna.........	2,352,806	49,251	275
Adera feat. Mytha Lestari - We Could be In Love (COVER)	1,509,019	18,078	1,261
Aankhon Mein Aansoo - Ek Haseena Thi Ek Dewaana Tha	2,436,421	53,824	178
Asma UL Husna 99 Names Of ALLAH... Recitation  Abdul Basit & Others	1,712,551	22,819	671
Azmi pernah	3,470,705	50,406	95
Alexandra Stan - Mr Saxobeat	2,378,270	33,024	123
Anderson Freire - Identidade	2,510,176	32,497	140
ATEEZ - WAVE	1,667,339	33,143	946
Anthony Robbins - Awaken The Giant Within	314,330	8,366	146
Adele - Hello  Ø§ØºÙ†ÙŠØ© Ø§Ø¯ÙŠÙ„ Ø§Ù„Ø¬Ø¯ÙŠØ¯Ø©	2,791,218	79,447	566
Alan Walker Faded	2,472,249	38,859	995
Apologise âœª	2,618,251	32,836	64
Adam Calhoun - Die Tonight (feat. Upchurch)	2,157,726	25,991	850
Alexio La Bestia Ft. Arcangel, Farruko & Genio El Mutante - Cuidao Con Mi Mujer	3,245,933	32,984	70
Azonto Dance to Iyanya - Kukere! Azonto Fever - YouTube	2,138,858	25,521	483
Abba-Dancing Queen	1,731,135	24,024	505
ACDC & Bon Jovi & Metallica  & Guns N' Roses - She Shook Me All Night Long (Remix)	3,275,922	18,976	240
a-ha - Take On Me (Original Version)	4,869,663	57,167	932
Able To See Me (Tali Kouch Flip)	5,802,254	93,375	346
Amigo Taxista	4,664,479	76,174	99
Always	9,661,048	107,931	823
Aye Khuda Rocky HandSome	5,319,582	121,455	980
ACDC - TNT (Remix)	3,782,912	35,292	1,213
AVSTIN JAMES - Stay Out (J.Cole X 20syl)	5,241,481	80,954	180
Ayo Jay - Your Number Remix (feat. Chris Brown and Kid Ink)(Prod. By melvitto)	5,029,252	73,857	232
Awari - Ek Villan	4,606,636	105,652	682
Ari Lasso - Hampa	7,679,717	106,277	757
BROCCOLI feat. Lil Yachty (Prod By. J Gramm)	199,690,518	2,387,504	31,650
Black Coast - TRNDSTTR (Lucian Remix) [feat. M. Maggie]	55,047,774	745,942	9,078
BLACKPINK - Kill This Love	20,892,755	295,677	9,467
Betchua (Bitchuary)	63,775,136	687,101	13,633
BTS (ë°©íƒ„ì†Œë…„ë‹¨) - Sea (ë°”ë‹¤) (Hidden Track From LOVE YOURSELF) Lyrics [Color Coded Eng]	22,258,438	390,859	11,716
Bob Marley - Buffalo Solider	20,861,988	286,865	2,820
BLACKPINK - Don't Know What To Do	8,932,129	121,356	2,614
Bankrol Hayden - Brothers (feat. Luh Kel)	44,523,084	434,614	15,218
BTS - DNA	13,474,861	220,390	5,172
BAD BUNNY - DIME SI TE ACUERDAS	25,745,424	294,612	828
BABY E. - FINESSIN	30,032,116	370,076	976
Bitch! (prod. Ugly God)	31,838,894	448,985	6,008
Best Remixes Of Popular Songs 2021 - Mash Up Bootleg Dance Mix 2021 - Top 100 Electro House Hits	13,446,066	257,287	5,553
Bruno Mars - Lighters	16,678,954	197,902	2,443
Bob Marley - Dont worry be happy (Mystery)	17,681,421	267,175	3,070
BEBE - Ozuna Ft Anuel AA	29,260,840	352,833	1,163
Baby Bash - Suga Suga	22,338,416	314,911	1,375
Busta Rhymes - I'll Hurt You (feat. Eminem)	19,785,739	253,627	2,969
BACK ON ROAD Ft. Drake	26,838,279	439,245	1,842
BLACKPINK - As If It's Your Last	14,468,627	198,927	4,706
Bailando Enrique Iglesias .Gente de Zona (merengue reggaeton remix) djchorlo	20,806,097	168,432	1,609
Beautiful	18,911,724	264,138	1,863
BOYFRIEND (RADIO EDIT)	429,498	2,542	152
Bob Marley - Jamming ++	14,620,452	195,276	1,727
BLUE	4,461,488	148,104	48,026
BTS - Go Go	9,673,511	164,574	2,630
Bruno Mars - Grenade	11,953,371	166,807	2,526
Bryson Tiller - Fuck That Nigga	16,222,090	245,502	468
Best of Atif Aslam Songs - Hindi Songs Collection Romantic - Atif Aslam New songs 2015	8,479,288	187,918	2,041
Bad Karma	15,303,254	272,778	3,307
Best Remixes Of Popular Songs 2021 ğŸ’Š Mash Up Bootleg Dance Mix ğŸ’Š Melbourne Bounce Charts	9,613,942	220,628	9,185
Bahaa Sultan - Ana Mosamem | Ø¨Ù‡Ø§Ø¡ Ø³Ù„Ø·Ø§Ù† - Ø£Ù†Ø§ Ù…ØµÙ…Ù…	25,351,668	786,842	5,659
Balti Ya Lili Feat Hamouda Ø¨Ù„Ø·ÙŠ ÙˆØ­Ù…ÙˆØ¯Ø© ÙŠØ§ Ù„ÙŠÙ„ÙŠ ÙˆÙŠØ§ Ù„ÙŠÙ„Ø§ 2018	21,220,943	437,496	3,885
BTS - MIC Drop	8,915,718	157,078	3,307
Berner - 20 Joints (Prod by TraxxFDR)	20,678,024	278,876	1,457
Bryson Tiller- I Love Beyonce Too	15,979,808	236,620	726
Beyonce - You Are My Rock.mp3	9,326,709	141,386	627
BTS (é˜²å¼¾å°‘å¹´å›£) - Don't Leave Me	4,089,502	71,629	973
Berdua Saja	6,864,349	77,147	847
Bonez MC & Raf Camora - Ohne mein Team (feat. Maxwell)	5,735,280	57,029	243
Banda Ms-Hermosa Experiencia [Single 2013] <3	9,774,766	54,459	479
BLACKPINK - STAY	4,151,371	66,288	1,122
BTS Im fine	3,999,006	69,564	1,309
Banda Trakalosa De Monterrey - Borracho De Amor	9,360,964	47,107	341
BIG BANG - Let's Not Fall in Love (ìš°ë¦¬ ì‚¬ë‘í•˜ì§€ ë§ì•„ìš”)	4,760,698	54,101	332
Baedna Leh -  Ù…Ø­Ù…Ø¯ Ø­Ù…Ø§Ù‚ÙŠ Ø¨Ø¹Ø¯Ù†Ø§ Ù„ÙŠÙ‡	8,787,810	275,002	1,580
BLACK PINK ( ë¸”ë™í•‘í¬ ) - BOOMBAYAH	6,542,988	83,379	2,495
BAD BUNNY - NI BIEN NI MAL	8,625,376	107,176	1,010
Bonita - J Balvin Ft Jowell y Randy	6,035,305	72,564	477
Burna Boy â€“ On The Low	5,576,394	81,606	730
Bounce- Jacquees	5,577,804	75,298	111
Backseat Summer	4,062,938	81,841	143
Bruna Karla - Que bom vocÃª chegou	3,687,594	52,201	305
Brand New Swag	1,981,079	39,412	678
BCL - Kecewa	4,247,107	52,860	272
Bob Marley - Forever Loving Jah	2,357,312	35,522	236
Bobby Shurmda bobby bitch	3,185,204	33,680	317
Beyonce resentment live	2,446,881	33,836	109
BTS - Boy in Luv Original ver. (Original title: REALMAN)	1,724,537	26,396	577
Bust It Open	2,966,589	49,054	558
BTS V & Jin- 'Even If I Die, It's You' (ì£½ì–´ë„ ë„ˆì•¼) OTS Hwarang	1,471,820	32,642	528
Bugzy Malone - Hulk Smash #WalkWithMe	2,777,207	31,621	184
Chris Brown - Back To Sleep (Royalty)	33,090,038	486,059	3,149
Closer - Chainsmokers ft. Halsey | Fly By Midnight ft. Jax Cover	37,053,231	530,701	5,679
Clean Bandit - Rockabye Ft. Sean Paul & Anne - Marie  ( Dj.IsI Rework )	38,101,867	615,947	5,029
Cheb Khaled- C'est La Vie Ø§Ù„Ø´Ø§Ø¨ Ø®Ø§Ù„Ø¯ - Ø³ÙŠ Ù„Ø§ ÙÙŠ	21,115,651	496,254	3,885
Coldplay ft. BeyoncÃ© - Hymn For The Weekend (Ash Remix)	30,246,398	382,364	4,305
Check -Young Thug	28,264,371	369,007	913
Crossfire	26,119,558	414,333	5,398
Chief Keef - Hate Being Sober - 50 Cent & Wiz Khalifa (Dotcom's Festival Trap Remix)	29,060,227	357,510	4,581
Control- Big Sean ft Kendrick Lamar & Jay Electronica	29,054,665	411,129	4,108
Coldplay - Viva la vida	13,963,594	190,998	3,039
comethru	20,969,626	311,429	3,915
Christina Perri - Human [ Clear Version ]	16,567,354	213,240	3,754
Changes (LÃ©on - Tired Of Talking Remix)	19,626,352	318,076	3,317
Crazy In Love (Fifty Shades Of Grey) - Sofia Karlberg (BeyoncÃ© Cover)	17,100,781	207,448	864
Crazy Story	26,734,871	359,338	20,058
Calvin Cambridge	27,743,456	307,625	2,778
Childish Gambino - Pound Cake Freestyle	20,532,824	329,247	2,682
Chucky Cheese [PROD BY K SWISHA]	31,412,348	346,298	5,633
CHAPELEIRO - do Minimal ao Techno (SET) FREE DOWNLOAD	10,242,956	235,179	5,817
Chief Keef - Semi On Em feat. Gucci Mane	18,704,848	269,632	980
Change Ya Life	20,059,491	257,026	5,089
Centuries	13,628,409	172,167	5,501
Crazy Story, Pt. 3	22,942,002	316,912	13,848
Calvin Harris - My Way (STVCKS Remix)	11,584,055	187,042	1,919
Can Demir Feat. Super Sako & Spitakci Hayko - Mi Gna (Remix)	21,340,083	411,080	2,231
Clint Eastwood	13,385,525	214,177	3,059
CÃ©u Azul - Charlie Brown Jr.	13,067,582	203,023	1,355
Cant Take My Eyes Off Of You - Joseph Vincent Cover	15,757,640	206,810	989
Crisis PROD. JA$IAH	18,801,233	268,366	8,411
Ca$h Out ft. Juicy J, Lil Boosie, Ty Dolla $ign, Kid Ink - She Twerkin (Remix)	11,378,771	154,213	786
ï¼£ï½ï½Œï½Œ ï½ï½…	13,390,143	212,815	6,671
Can't Help Falling In Love (Cover) by twenty | one | pilots	10,696,080	153,095	1,565
Calvin Harris - Outside Ft. Ellie Goulding (Savagez Trap Remix)	13,071,197	157,476	2,861
Calum Scott - You Are The Reason - Live Performance!	15,112,755	238,426	2,388
Ca$h Out - "She Twerkin" (Produced by Spinz & Dun Deal)	11,794,862	167,719	1,577
CARDI B FT BAD BUNNY FT J BALVIN - I LIKE IT	14,014,392	197,510	1,395
Close Friends Remake	12,486,511	191,920	1,836
Cant Forgive ìš©ì„œ ëª»í•´ (Ballad)	9,341,185	147,879	2,455
chinese new year	12,685,524	201,710	3,898
Charlie Puth - We Don't Talk Anymore Ft. Selena Gomez (Heyder Remix) [Official Remix]	11,716,416	170,030	6,281
Chivalry Is Dead	9,582,992	129,205	950
Clean Bandit - Rockabye Ft. Sean Paul & Anne - Marie (SHAKED Trap Remix) [*FREE*]	14,264,032	222,410	15,878
Conor Maynard - I Hate you , I Love you (Cover)	12,223,194	235,739	1,584
CNCO - Reggaeton Lento (Dj Nev Edit) Ê™á´œÊ = Ò“Ê€á´‡á´‡ á´…á´á´¡É´ÊŸá´á´€á´…	10,385,193	111,316	4,715
Current Joys - New Flesh	10,668,510	155,371	3,956
Chain Hang Low (Crizzly & AFK Remix)	9,259,442	150,207	2,399
Cali Swag District - Teach Me How To Dougie	8,763,077	117,974	1,807
Cartoons and Cereal - Kendrick Lamar	11,943,512	221,012	1,140
Costa Gold - N.A.D.A.B.O.M. [parte 2] (ft Don L & Luccas Carlos) [prod. Lotto]	10,487,614	132,466	465
Cartoon - On  and On  Ft. Daniel Levi	10,348,400	141,256	1,391
Charlie Puth - Attention (Joey Stux Remix ft. Johnny Rez)	11,809,799	160,505	2,317
Come Thru by Jacquees	8,538,165	133,191	978
Champagne And Pools (feat. Blackbear & KYLE)	10,638,050	175,867	919
Costa Rica ft. Bas, JID, Guapdad 4000, Reese LAFLARE, Jace, Mez, Smokepurpp, Buddy, and Ski Mask	16,813,441	211,157	4,502
Coca Cola Tu - Tony Kakkar ft. Young Desi |New song 2018| S@JEEL JUTT	7,285,217	174,459	1,340
Chris-Brown-Marvins-Room-Remix	8,408,759	123,265	490
Cuban Doll - Bankrupt	11,473,626	164,746	672
Chief Keef - Save That Shit	13,500,211	163,602	1,161
Choppa [Prod.Kidkeva]	19,191,696	211,122	2,389
Car Music Mix 2021 | Bass Boosted Best Trap Mix | Electro & House Bass Boost Music	7,478,545	134,435	3,804
Chemistry (ft. blackbear)	9,776,127	167,366	683
Chief Keef - That's It	9,416,583	117,515	1,470
Camila Cabello - Never Be The Same	9,353,072	119,566	997
CARDI B -BODAK YELLOW (NOVA)	8,705,639	111,849	838
Calvin Harris How Deep Is Your Love (ft. Disciples)	10,277,308	103,263	372
Cash Machine (Prod. By Ricky Reed)	3,388,117	128	Comments
Chris Brown feat. Gunna - Heat	10,491,291	155,340	1,455
Columbia remix feat. Rick Ross, Birdman and Gucci Mane	10,310,467	115,238	1,060
Camelphat & Elderbrook â€˜Colaâ€™	7,555,410	142,002	701
Come Through (feat. Lil Tecca)	594,954	11,455	365
cavetown // devil town	6,789,122	111,830	4,920
CoCo ( Video On DomTMO.com )	7,661,140	100,965	681
Cool N Beautiful (Lupe Fiasco vs. Mike Posner vs. Katy Perry vs. Sean Kingston)	4,246,583	90,690	208
Cake (prod. Moshuun)	15,656,794	178,240	2,452
Costa Gold - Quem Tava LÃ¡? Com: Marechal e Luccas Carlos (Prod. Lotto) [OFFICIAL]	4,691,206	71,762	359
Come And See Me	3,336,756	55,692	290
Cristiano Araujo - Mente Pra Mim.	4,568,667	32,943	328
Cuida Bem Dela - Henrique e Juliano	3,901,295	31,422	288
Calvin Harris - Bounce (DEVI Deep House Remix)	3,122,569	56,282	508
Cacife clandestino - beija flor	3,558,133	50,009	345
Chris Brown, Tyga, Birdman  Lil Wayne   Bigger Than Life (Rich Gang)	3,834,548	38,978	249
Celine Dion - Beauty and The Beast	3,113,895	37,373	230
Charly Black - Bike Back â–  Equiknoxx Music â–  Dancehall 2014	3,557,375	49,745	278
Cakra Khan - Kekasih Bayangan Cover by StepWie	8,179,115	91,102	1,220
Cat Stevens - Father and Son Original	2,066,051	29,036	531
Chief Keef- Glory Bridge (feat. A Boogie Wit Da Hoodie)	6,164,548	84,238	211
Chalino Sanchez _ Pura Pistiadera Mix	4,402,121	36,009	540
Canserbero - Es Epico	4,506,738	79,538	970
Chance The Rapper: Brain Cells	4,711,525	55,775	435
Cigarette Smoke	3,504,575	38,017	142
Chris Brown - Lights Out	3,406,100	40,134	93
Chand Chupa Badal Mein - Udit Narayan/Alka Yagnik - Romantic Song	2,031,582	44,719	215
Crime Stoppers - Young Thug & Migos ft. Skippa Da Flippa	4,477,049	67,193	224
Cassiane - Com Muito Louvor	1,855,296	44,308	309
Charlie Puth Ft. Selena Gomez We Dont Talk Anymore (Jason Chen X Megan Nicole Cover)	8,652,963	110,657	1,114
Chris Brown - Privacy	6,049,046	83,404	250
Come Thru, Take You Down & Slow Motion - Jacquees, Chris Brown, & Trey Songz (Ar'mon And Trey Cover)	5,639,635	93,408	748
Case 19 feat. 6ix9ine (PROD. JASIAH)	12,462,689	142,908	5,976
Como Mirarte - SebastiÃ¡n Yatra	6,192,052	87,110	719
Charlie Brown Jr. - Dias de Luta, Dias de GlÃ³ria	8,070,121	106,663	463
Camila Cabello - Never Be The Same (KUST Remix)	6,599,185	78,682	401
CANCIONSITAS DE AMOR 2014 ROMEO SANTOS	7,672,747	66,645	315
Carry on EDDIE	1,130	22	2
Cool Amerika  ''Make Sum Shake''	6,635,434	78,666	165
Charles & Eddie - Would I Lie To You (Maklon Remix)	7,198,351	114,362	356
coffee breath	6,350,496	105,246	2,254
Chalino Sanchez Corridos Mix	8,322,218	70,458	1,027
Chill out lounge - A Jazzy Deep House Mix - Little Louie Vega Cafe Del Mar Naked Music Masters At Work Timmy Regisford Deep Dish	4,867,810	71,371	1,385
Chris Brown - Grass Aint Greener (RnBass)	5,744,096	81,953	357
Corte Americano	14,851,440	235,087	1,131
Cool for the Summer - Demi Lovato (Pop Punk Cover by TeraBrite)	5,793,230	55,555	615
Cheryl [prod. Jason Rich]	7,823,559	113,815	2,443
Childish Gambino-Unnecessary ft Ab-Soul and ScHoolboy Q	8,054,658	125,853	492
Cups (When I'm Gone) - Radio Version	5,006,804	61,853	1,428
Ctrl Alt Destruction (Original Mix) [The KSI Anthem]	4,747,248	73,794	2,514
China Town (Prod By MPC CARTEL)	6,068,925	82,782	1,210
Chris Sails - Letter To My Ex (New Single)(Official Audio)	7,184,164	90,626	584
Conor Maynard SING OFF Vs. Pixie Lott (Luis Fonsi - Despacito Ft. Daddy Yankee Justin Bieber)	7,222,763	86,154	645
Chris Brown - Hope You Do	7,193,981	106,650	413
Clever - All In (feat. Polo G, G Herbo)	18,971,942	183,910	2,421
Costa Gold - Meio Loco (Part. Cogito) [EstÃºdio DiResponsa]	7,096,204	91,318	397
CRAIG XEN & XXXTENTACION  - RUN IT BACK!	9,892,467	158,525	5,151
Cosas De La Clika - Herencia De Patrones Ft. Legado 7 Y Fuerza Regida	9,268,092	79,351	606
Coldplay - Hymn for the Weekend	6,676,227	69,342	748
Calvin Harris - How Deep Is Your Love (Personal Edit)	5,568,515	68,950	224
Chanel Bag Prod. @geehues x @1yeezo	13,454,935	127,216	3,809
Casanova (feat. Skizzy Mars and G-Eazy)	6,883,089	84,562	417
Chris Brown feat. Tyga - Bitches n Marijuana (Moe Williams Intro Edit)	5,738,288	71,673	232
Crecia	8,901,931	118,011	323
Celine Dion Greatest Hits - Best Songs Of Celine Dion - Full Songs 2015	2,861,638	48,081	849
Chris Brown - Questions (Riddim Shotta Edit)	5,557,376	70,675	207
Cloonee - Separated	4,764,430	85,089	2,711
Carla Morrison - Disfruto [Album Version]	5,853,039	90,674	852
Cartoon - On And On NCS	5,455,356	65,878	887
Cheep Thrills - Sia (Miss Maleya Edit)	4,555,227	72,395	400
Chris Brown - Look At Me Now (clean) Ft. Lil Wayne, Busta Rhymes (LYRICS!)	5,781,463	85,828	1,297
Charlie	10,442,543	120,531	1,375
CORONAO NOW - EL ALFA FT LIL PUMP	7,775,761	120,249	2,125
Cults - Always Forever	5,504,139	98,767	1,816
Chopin â€“ Nocturne Op. 9 No. 2	3,922,125	53,653	1,890
Costa Gold - Alameda Weed (Part. WENTZ)	6,747,287	79,392	486
Cant be friends-Trey Songz	4,119,807	63,965	242
CODY SIMPSON - La Da Dee	5,629,477	68,025	2,453
Childish Gambino- Heartbeat	6,932,937	85,546	327
Coming Over - Kygo & Dillon Francis feat. James Hersey	6,358,140	87,913	247
Counting Stars-One Republic Cover(Alex Goot, Chrissy Costanza, and Kurt Hugo Schneider)	5,060,209	62,743	1,293
Chief Keef - Rider feat. Wiz Khalifa	5,628,069	73,669	665
Chance the Rapper - Paranoia (Produced by Nosaj Thing)	6,529,190	87,950	332
Celine Dion~~~ My heart will go on	4,420,989	77,026	924
Coldplay - Paradise	4,742,993	78,155	1,248
CHANNA MEREYA REMIX_ASHISH SONI CHILLOUT MIX	4,473,623	85,327	416
Charlie Puth - Attention (Roman MÃ¼ller Edit)	7,296,088	96,598	928
Clair de Lune - Debussy	5,156,331	60,414	3,656
Chris Brown - No Guidance (feat. Drake)	6,430,053	99,403	1,264
Chief Keef - Hate Being Sober	8,084,945	104,169	571
Costa Gold - 155 (prod. Lotto)	5,598,418	71,700	247
Christina Perri - A thousand years - official video (subtitulado)	4,549,439	74,865	1,593
Cant Hold Us	5,591,554	71,486	1,911
Cold	6,374,820	81,697	1,979
Capital Bra - Nur Noch Gucci	4,264,847	45,899	532
Cara a La Muerte... Gerardo Ortiz... Promo_ Mayo 2011	7,498,398	40,511	348
Chad Kroeger (Nickelback) Interview	476,385	914	27
Ciara - Body Party (Lyrics On Screen)	3,983,269	65,773	381
Chief Keef - They Know	6,421,383	78,339	697
Chris Jay - Nebula (Scream)	4,250,028	61,917	3,109
Clout (feat. 21 Savage)	6,933,854	104,636	419
Can't Sit With Us	4,121,767	67,309	242
Crazy Story (Remix) (feat. Lil Durk)	8,306,440	117,335	2,722
Chris Brown-Sex	3,458,649	56,186	139
Christina Milian ft. Lil Wayne - Do It	1,739,094	29,836	165
Common Kings- Alcoholic	2,035,180	24,527	211
Cham Cham Movie Baaghi	1,642,465	39,524	147
Como Yo Le Doy (Official Remix)Don Miguelon Ft J Alvarez & Zion	2,888,512	24,685	41
Clarity - Madilyn Bailey & Clara C	1,730,804	23,766	646
Canserbero - Maquiavelico	3,572,035	60,882	484
Crazy - 4Minute	2,275,811	33,503	307
Conjunto Primavera Mix - Exitos	3,082,033	22,167	332
ChÃ£o de Giz	1,703,988	25,324	312
Cup - Wiz Khalifa ft Juicy J & Chevy Woods	2,919,396	42,655	110
Chris Brown - Fine By Me	2,134,476	27,695	204
Capital STEEZ - Emotionless Thoughts	3,142,034	52,541	548
Cheerleader (Timeflies Tuesday)	2,502,492	23,836	266
Ceza - Suspus	3,811,900	21,966	286
Color Me Badd - I Wanna Sex You Up	1,421,409	21,858	180
Cash Out - The Twerk Song (www.hiphopcafeexclusive.com)	1,719,365	24,920	124
Charlie Brown Jr - Vicios e Virtudes	2,428,813	31,254	78
Crazy Frog - Axel F (EH!DE Remix) [Free]	2,156,077	35,299	1,245
Coldplay - Trouble	1,754,617	17,936	184
Chillin It - Cole Swindell	1,181,411	11,965	69
Chasing Cars - Sleeping At Last	3,622,420	47,669	399
Cali Life Style - Lost	7,426,389	77,399	2,340
Cristiano Araujo - Caso Indefinido	5,773,746	42,222	212
Christmas Songs- Marilyn Monroe - Santa Baby	3,221,237	24,350	401
C U GiiiiiiiiRL	4,649,700	91,058	559
Cassandra - Cinta Terbaik	5,422,188	55,814	484
Chandelier (Single Version)	4,554,121	48,298	1,110
Cold play - The scientist	5,641,786	45,721	439
Cupid Shuffle	2,834,466	37,417	841
Cumbia mix	3,873,963	40,291	622
Drama (Ft. Drake)	121,139,234	1,556,081	11,735
Don't Change(Freeverse)	763,669	5,080	470
DESPACITO - Luis Fonsi âŒ Daddy Yankee	99,210,600	1,444,378	9,534
Dark Knight Dummo (ft. Travis Scott)	113,195,117	1,295,661	22,824
Die Young [Prod. by London On Da Track & Rex Kudo]	56,447,996	645,822	8,018
Diplo - Revolution (Absence Remix) [feat. Faustix & Imanos and Kai]	37,397,351	590,920	5,039
Dile Que Tu Me Quieres - Ozuna	42,968,161	464,468	1,881
Dua Lipa - New Rules	34,387,415	561,874	3,510
DEEP HOUSE SUMMER MIX 2 - AHMET KILIC	24,426,584	463,037	10,098
Dae Dae - Wat U Mean (Aye, Aye, Aye)	36,197,718	488,990	2,692
Drive By	35,777,380	446,691	2,355
DRAKE - IN MY FEELINGS - KIKI! DO YOU LOVE ME! [LOOP]	33,115,658	495,431	4,219
Despacito Luis Fonsi Ft Daddy Yanke 2017	29,985,439	525,352	1,709
Dj Khaled ft Rihanna, Bryson Tiller Wild Thoughts [B-Mix]	18,919,518	277,224	1,203
Drake ft future- jumpman	21,002,693	237,656	1,766
Dr. Dre - The Next Episode (San Holo Remix)	18,575,376	282,358	4,371
Donnie Trumpet & The Social Experiment - Sunday Candy	25,703,369	371,305	1,683
Drake - Money In The Grave (feat. Rick Ross)	30,568,687	332,869	6,534
Dj Kass - Scooby Doo Pa Pa	22,247,941	395,576	2,127
Dax - "My Last Words"	3,945,654	51,822	1,785
Drake - Sweeterman [Explicit]	22,073,442	360,396	751
DJ Snake - Taki Taki ft. Selena Gomez, Ozuna, Cardi B(8D AUDIO)	19,592,762	393,752	5,792
Duru Tha King - #NewCharlotte | Link to video in Description	28,384,536	326,039	1,571
Do You?	17,041,486	347,138	3,305
DeJ Loaf Ft. Future - Hey There (And See That's The Thing) (Audio)	18,590,235	237,264	753
Documentary [Prod. By Tino]	18,192,980	225,293	381
Dusk Till Dawn - Zayn ft. Sia (SING OFF Conor Maynard vs. Madison Beer)	16,480,397	268,848	2,595
Deep Chills - Blinded (feat. Emma Carn) [FREE DOWNLOAD]	15,239,387	249,983	3,416
Drake - Hotline Bling (Charlie Puth & Kehlani Cover) [Wildfellaz & Arman Cekin Remix]	15,884,128	222,157	4,565
Dr Dre - Numb Encore (Remix) f Jay-Z, Eminem, 50 Cent & Linkin Park(2)	16,876,566	195,993	1,906
Dancehall Party Mix 2017 - 2018, Vybz Kartel, Alkaline, Mavado, Aidonia, Popcaan & More	10,352,603	187,797	4,063
David Guetta - Hey Mama (Official Original Video) Ft Nicki Minaj, Bebe Rexha & Afrojack	18,443,128	290,205	2,274
Drake - July ft. Jhene Aiko	13,600,898	207,838	690
DRIFTER	12,924,424	230,980	2,010
Doja Cat - 4 Morant	11,971,330	246,349	9,355
Dark Red	13,281,831	239,182	4,091
Deep Shamanic Meditation- Relaxing Powerful Meditation Music For Deep Relaxation, Sleep Music 030	6,863,324	100,545	5,047
Drebo - Squeezed Up	22,766,612	274,204	1,006
DEMO.1	2,902,963	114,364	66,066
DEWA 19 - Kangen	8,182,019	113,590	804
Do Ya Like - Childish Gambino	6,036,322	114,005	888
Despues de Ti Quien-La Adictiva Banda San Jose de Mesillas	11,510,423	42,254	371
Dreezy - Up And Down produced by D. Brooks Exclusive (mp3.pm)	5,532,813	68,323	200
Dwayne DJ Bravo - Champion	4,047,422	78,004	642
DJ AISYAH JATUH CINTA PADA JAMILA.. TIK TOK PALING POPULER SEDUNIA	7,883,164	114,645	734
Dexy's Midnight Runners - Come On Eileen	6,570,143	64,322	515
DJ Special Ed's Old School 70s and 80s Funk Mix Vol. 1	2,333,777	36,093	527
Dej Loaf - I Got It (Sell Sole)	4,514,454	57,879	145
Deadmau5 Strobe	5,131,536	82,829	2,437
DEMO.4	1,321,372	47,867	22,782
Deesmi Onlife â€” Ğ’Ğ»ÑĞ±Ğ¸Ğ»ÑÑ Ğ’ ĞĞµÑ‘ (ĞŸÑ€ĞµĞ¼ÑŒĞµÑ€Ğ° 2019)	11,105,077	139,591	1,228
Drake Feat JoJo - Marvins Room 2	4,977,033	74,695	242
Dhoom3 Kamli Ft.Sunidhi Chauhan	3,594,687	85,711	493
Dont stop believing by Journey / Cover	2,839,575	33,162	535
Dum Dum-Band Baja Barat	3,757,687	85,220	250
De Janeiro a Janeiro - Roberta Campos e Nando Reis	4,140,918	38,942	480
DJ TATI 90S R&B MIX	1,920,271	37,815	411
Deep End- Foushee original	8,442,308	158,580	1,513
Dr Dre Still DRE feat Snoop Dogg	4,452,347	73,504	1,155
Dangerously in love	11,543,171	151,502	613
Dance Monkey	16,043,766	321,929	6,059
difference (interlude)	14,829,928	187,760	4,088
Dancehall Mix 2014, Vybz Kartel, Mavado, Aidonia, Popcaan & More	8,064,344	129,387	1,965
Don't Drop That Thun Thun	8,173,050	101,716	4,057
Do I Wanna Know? - Arctic Monkeys	8,938,235	137,596	1,358
ÄÃ”NG KIáº¾M EM / VÅ©. (Original)	8,385,267	91,497	1,416
Do You Mind -  Dj khaled Ft. Nicki Minaj etc.. [BASS BOOSTED] Dj Eva Frass	9,922,477	137,230	1,311
Dreams & Nightmares (ft. Lil Peep)	16,159,790	219,428	3,603
daddy issues	9,204,046	150,086	6,141
Deep House Mix #25 2014 HD | Best Deep & Lounge Chill Music	6,171,150	119,244	10,687
Dreezy - Up & Down	8,531,860	113,036	346
Dj Flex ~ Frozen Let It Go (feat. Dj Taj)	8,496,230	117,405	2,569
Dreams and Nightmares	20,669,292	210,876	3,611
Delax - Drop You Like	9,111,867	142,222	3,689
Duros De Acostar Barranquilla-RoyalFest Edition (29Â·JulioÂ·2016)	4,324,100	101,782	1,930
Disfruto Lo Malo	13,442,611	138,765	2,788
Deep House Mix 2013 *Free Download*	6,759,232	115,869	4,389
Don Lu X Fetty Wap - One Night Only	9,834,703	112,458	454
DJ Telly Tellz - Fuck It Up Challenge (Instagram @djtellytellz) [Jersey Club Music]	9,357,511	154,408	696
Dierks Bentley - Drunk On A Plane (Lyrics)	2,319,028	24,281	262
Drake - Shot For Me	3,427,497	57,181	120
Dewa 19 - Risalah Hati	5,391,417	58,224	416
DOPE-bts	2,135,964	43,329	1,218
Dom Kennedy - 2morrow (We Aint Worried) [feat. Ty Dolla $ign]	5,068,951	72,137	240
Deep sea (Binz ,Thanh Nguyá»…n, TripleD - GVR, Spacespeakears)	4,400,092	32,315	470
Danza Kuduro-Fast Five	3,603,304	44,727	248
Drake - Versace Ft  Meek Mill, Tyga, Migos (Remix)	3,950,990	46,915	284
Do Ya Like x Resonance Mashup	3,427,493	64,637	1,210
Desi Boyz - Subha Hone Na De	2,805,544	48,575	189
Don Omar - Danza Kuduro	3,339,828	51,881	477
Äen - MÆ¡ ft. Háº­u Vi - Prod. River Beats (Official Audio)	3,545,862	27,829	266
Dil Kare - Atif Aslam (2015)	2,120,098	48,709	235
Diamonds - Madilyn Bailey ( Rihanna )	3,177,173	47,648	489
Death Note - L's Theme	3,136,989	43,949	1,989
DJ Got Us Falling In Love Again	2,862,005	40,303	749
Deadmau5 - Ghosts 'N' Stuff (Feat. Rob Swire)	3,027,946	43,766	519
Death Parade OP -Flyers- Full	3,746,888	35,444	808
Disturbed - Down With The Sickness	2,526,954	30,399	828
Äá»¢I // VÅ¨. (ORIGINAL)	2,639,069	29,286	273
Dancehall 2015, Vybz Kartel, Aidonia, Alkaline, Mavado & I-Octane	5,364,480	79,402	692
Dead To Me - Kali Uchis (slowed)	7,697,143	128,979	4,546
Do You Like It When I .	7,826,475	112,853	859
Distant Relatives - Patience	6,910,657	125,284	1,467
Derez De'Shon - Fed Up	9,537,426	131,888	506
Daddy Issues- The Neighbourhood	7,052,960	105,272	2,223
Deewani Mastani - Song - Bajirao Mastani - Full Song	5,404,667	108,324	421
DJ Alex Sensation - Salsa Mix  Eddie Santiago   old skool salsa	5,560,738	60,695	661
Dae Dae & London On Da Track - Woke Up	11,126,938	134,052	642
Dil ko karar aya-neha kakkar	5,352,813	173,614	2,309
Daddy Issues (Slowed)	6,416,767	101,115	3,378
DEMO.3	1,560,581	64,628	36,340
Devvon Terrell - #WCW	7,304,962	97,562	187
Diskusi Senja	9,356,876	102,750	767
Diplo - Revolution (SEAN&BOBO REMIX)	5,891,057	101,505	2,036
Dj Taj ~ Caillou Anthem (feat. Dj Flex) {DOWNLOAD LINK IN DESCRIPTION}	4,660,518	85,588	1,267
Devvon Terrell - Work (remix)	5,296,342	83,425	705
DM - Cosculluela	10,285,042	131,633	701
Dont Stop Me Now - Queen	5,961,604	76,517	1,493
Desculpa Doutor	8,601,504	151,854	413
Dah Lw Etsab (Crazy AD)	9,130,184	259,933	843
Deepthroat (prod. by seemaple)	8,799,819	110,402	4,824
Äen x JustaTee - Äi Vá» NhÃ 	8,765,015	75,284	1,486
Dani & Lizzy ~ Dancing In The Sky	4,931,563	58,602	1,930
Drake - Fall For Your Type (Full)	5,879,369	89,815	273
Donald Trump - Mac Miller	8,070,544	104,090	1,399
Dirt Road Anthem - Jason Aldean (GrizzG Remix)	3,529,461	39,982	616
Dilsinho - RefÃ©m  A o vivo - Radio mania	6,311,465	132,922	276
Del Negociante : Los Plebes Del Rancho De Ariel Camacho	10,115,188	62,513	327
Delino MarÃ§al-Deus Ã‰ Deus	5,087,460	102,752	636
Do You Miss It	8,482,467	119,699	882
DRAKE- CONTROLLA (FEAT. POPCAAN) *HQ* COVER	7,550,302	77,231	1,015
Dekhte Dekhte Atif Aslam Nusrat Fateh Ali Khan Batti Gul Meter Chalu	3,739,526	123,031	1,273
DOWLOAD IN DESCPRITON - Drum And Bass Father - Dj GUV Spinning Method EDITION	5,771,769	90,038	1,184
Dj Dangdut Remix Terbaru 2020 ~ Dj tiktok viral 2020 ~ Remix Slow full bass ~ Dj haning ~Mawar Putih	9,723,013	148,073	7,776
Äen - MÆ°á»i NÄƒm ft. Ngá»c Linh (Lá»™n Xá»™n 3)	5,861,093	51,862	448
Drake feat. Rihanna - Take Care	5,883,007	92,877	451
Drop Top Benz (Ft. Lil Skies)	10,294,367	160,851	952
DESPACITO - Star Sound Dj Frann - LUIS FONSI , DADDY YANKEE & JUSTIN BIEBER	20,971,924	88,831	677
Drake - Over (Ayobi Remix)	6,594,844	84,162	549
Daft Punk - Random Access Memories (Vanderway Edit)	6,969,451	95,100	3,105
Doutora 3	12,498,090	216,857	3,814
DJ DASTEN - ALETEO TIME VOL 4 - (2016)	3,042,707	74,931	1,169
Did You Mean It	6,293,966	80,939	237
Desiigner - Hectic	8,383,856	101,554	792
Donate a Dollar	7,370,862	84,157	242
Dj Cammy - Dancing In The Dark	4,979,402	71,934	612
Duke Dumont - Need U 100% (KREAM Remix)	5,298,475	90,902	388
Disturbed - 10000 Fists	4,148,258	46,124	1,331
Drake - The Motto ft. Lil Wayne	5,256,704	79,489	330
DJ DASTEN - ALETEO TIME VOL 5 SET (2016 - 2017)	2,898,488	80,691	1,044
Daniel Kim - Pop Danthology 2013	5,120,960	55,756	1,933
Drunk In Love (Diplo Remix)	4,395,389	69,636	422
Do You Want To Build A Snowman	3,996,466	45,507	3,399
Do It For Love	5,057,970	64,783	1,072
Da Real Gee Money - Industry (NBA YoungBoy Response)	8,507,189	112,788	2,627
Daniel Skye - All I Want ft. Cameron Dallas	4,139,187	51,510	685
Dj Cammy - Country Roads Remix	5,072,191	66,842	786
Dil Sambhal Ja Zara Phir Mohabbat Karne Chala - YouTube	4,606,023	107,759	483
DOUBT ON ME (Prod. Jasiah) [Free Download]	65,340	2,986	143
Duki - Hello Cotto	4,892,839	60,088	504
Davido - Aye (Prod. TSpize)	4,307,913	54,112	524
Dear Ex	5,843,937	81,541	1,156
Dhyo haw - Ada Aku Disini	8,025,489	105,920	1,833
Dialog Senja - Lara	10,709,823	129,525	4,567
D Block Europe (Young Adz X Dirtbike LB) - Kitchen Kings  (Prod. Vybz Hitz) GRM Daily	5,861,418	71,326	1,059
Äen - má»™t triá»‡u like ft. ThÃ nh Äá»“ng	5,808,041	51,940	948
DÃ¹ Cho Mai Vá» Sau	7,762,836	70,175	1,338
DEWA 19 - Kangen	8,182,096	113,592	804
Do Ya Like - Childish Gambino	6,036,363	114,007	888
DJ Snake - Middle	6,132,989	87,664	586
drive	5,369,271	78,036	312
Despues de Ti Quien-La Adictiva Banda San Jose de Mesillas	11,510,431	42,254	371
Drugs	5,150,012	92,933	519
dizzy	1,884,688	79,443	1,233
Deep House Vocal House  DJ Danilo Kovacevic	3,370,740	59,495	1,527
Demonstrate (Prod. Taz Taylor & Nick Mira)	9,591,107	95,744	3,395
Daniel Kim - Pop Danthology 2014	3,565,606	49,678	861
Dreezy - Up And Down produced by D. Brooks Exclusive (mp3.pm)	5,532,822	68,323	200
Dwayne DJ Bravo - Champion	4,047,435	78,004	642
Den - Co Gai Ban Ben Ft Lynk Lee (Official)	5,363,251	44,796	388
DJ AISYAH JATUH CINTA PADA JAMILA.. TIK TOK PALING POPULER SEDUNIA	7,883,188	114,645	734
Denzel Curry - Threatz (Ekali & Gravez Remix)	6,419,068	130,222	1,428
Die Trying	4,845,530	80,028	679
Dead And Cold ft.Ollie MN (prod. mental)	6,200,282	64,954	2,755
Dexy's Midnight Runners - Come On Eileen	6,570,162	64,322	515
DJ Special Ed's Old School 70s and 80s Funk Mix Vol. 1	2,333,806	36,094	527
Dej Loaf - I Got It (Sell Sole)	4,514,456	57,880	145
Deadmau5 Strobe	5,131,568	82,830	2,437
Davido - IF (Prod By Tekno)	3,573,024	52,893	201
Dboy - iBuprofen (Ft Snow & Yelyah)	6,086,835	80,378	1,154
DEMO.4	1,321,375	47,867	22,782
Darkzy - One Dance (Free Download)	3,784,688	66,172	3,244
Da Baby - Pull Up Music	9,599,581	120,097	762
Deesmi Onlife â€” Ğ’Ğ»ÑĞ±Ğ¸Ğ»ÑÑ Ğ’ ĞĞµÑ‘ (ĞŸÑ€ĞµĞ¼ÑŒĞµÑ€Ğ° 2019)	11,105,196	139,589	1,228
Drake Feat JoJo - Marvins Room 2	4,977,036	74,695	242
DragonForce - Through the Fire and Flames	5,103,903	65,501	2,084
Dhoom3 Kamli Ft.Sunidhi Chauhan	3,594,718	85,711	493
Dont stop believing by Journey / Cover	2,839,593	33,162	535
DHARIA - Sugar & Brownies	5,588,001	116,229	1,663
Derez De'Shon - P.I.L. (Pain Is Love)	5,473,493	76,444	223
Dum Dum-Band Baja Barat	3,757,715	85,220	250
Dlow - Bet You Cant Do It Like Me Challenge (Original Version)	3,687,880	54,060	605
Damian Marley - Road To Zion ( EFIX & XKAEM Cover )	4,575,297	76,830	1,991
Diles - Bad Bunny, Ozuna, Arcangel, Farruko, Ã‘engo Flow (Audio Official)	8,193,989	78,111	215
Don Diablo & Steve Aoki X Lush & Simon - What We Started ft. BullySongs	4,471,628	92,833	813
Dave - No Words (ft. Mo Stack)	5,756,556	58,348	356
Ed Sheeran - Thinking Out Loud  [Live On Jools Holland]	36,846,947	370,352	2,200
Eminem - lose yourself	27,990,499	409,086	7,638
Ed Sheeran - Shape of You (NOTD Remix)	31,075,870	446,244	3,401
Eminem Till i collapse	24,158,783	307,420	5,603
Elliot Trent - The First Time	20,291,567	255,435	1,137
Empire State of Mind (New York, New York Intro)	10,207,438	237,349	1,763
Eric Bellinger - Valet ft. Fetty Wap & 2 Chainz	18,929,634	257,677	1,014
El Karma - Ariel Camacho y Los Plebes Del Rancho (2014)	20,969,433	139,449	1,004
Echosmith - Cool Kids	17,378,557	159,906	2,071
Eminem - Love The Way You Lie	10,205,009	173,801	1,514
Eminem-Mockingbird	12,514,082	176,283	2,375
Edward Maya - Stereo Love (Original Mix)	12,429,703	203,673	2,513
EyeKeem - Gasolina (ft. KORNDAWG & ACOT)	16,262,965	196,659	6,169
Eyad Jian - Donito Wahshany / Ø¥ÙŠØ§Ø¯ Ø¬Ù€ÙŠØ§Ù† - Ø¯Ù†ÙŠØªÙ‡ ÙˆØ­Ø´Ø§Ù†ÙŠ	21,990,529	596,448	2,151
El Joker - Ib2i Iftkrini Ø§Ù„Ø¬ÙˆÙƒØ± - Ø§Ø¨Ù‚Ù‰ Ø§ÙØªÙƒØ±ÙŠÙ†Ù‰	12,281,943	349,803	1,359
Eminem---Mocking Bird	9,526,167	110,364	1,311
Enrique Iglesias Feat. Descemer Bueno & Zion Y Lennox - Subeme La Radio (Aâ€ lan6 Mix)	10,914,794	134,922	784
Eminem - Not Afraid	9,458,062	131,486	977
Eyes Blue Like The Atlantic Feat. Subvrbs (Prod Sista)	9,307,817	147,139	6,952
El Esseily - Heya Ù…Ø­Ù…ÙˆØ¯ Ø§Ù„Ø¹Ø³ÙŠÙ„ÙŠ - Ù‡Ù‰Ù‘  shorter version	12,297,534	394,749	1,106
Ella Y Yo-Don Omar & Aventura (Intro Edit) @Deejay_Glow	10,723,331	87,311	484
Epiphany - BTS (ë°©íƒ„ì†Œë…„ë‹¨) LOVE YOURSELF çµ Answer	3,694,832	73,950	1,915
Endor 'Pump It Up'	5,367,358	88,831	866
Eminem - Venom	5,977,067	100,222	3,449
Ed Sheeran - Thinking Out Loud (Boyce Avenue Acoustic Cover)	5,596,785	63,490	636
Everybody Talks - Neon Trees	5,877,146	94,358	4,688
El Joker - W El Oghnia De 7aram | Ø§Ù„Ø¬ÙˆÙƒØ± - Ùˆ Ø§Ù„Ø£ØºÙ†ÙŠØ© Ø¯Ù‰ Ø­Ø±Ø§Ù…	6,381,641	169,722	606
Elijah Blake - I Just Wanna (RnBass)	5,605,238	84,396	131
Efek Rumah Kaca - Sebelah Mata	8,349,719	95,525	1,161
El Boxer - Ø§Ù„Ø¨ÙˆÙƒØ³Ø±	4,071,703	98,760	1,796
ENRIQUE IGLESIAS - Bailamos	5,195,516	67,166	400
Eyes, Nose, Lips - TAEYANG	4,184,915	60,523	612
Eminen ft. Bruno Mars - Lighters	5,030,218	52,190	642
Eminem - Sing for the moment Feat 2Pac & Biggie	5,434,354	68,150	573
Egyptian Project - Soufi  Ø³Ù‚Ø§Ù†ÙŠ Ø§Ù„ØºØ±Ø§Ù…	5,863,942	131,231	2,238
Eurythmics - Sweet Dreams  Ibiza Deep Summer Remix	6,013,475	104,533	722
El Bebeto - No Te Creas Tan Importante	8,028,477	47,652	185
Efek Rumah Kaca - Desember	6,309,297	76,715	426
Eres Una NiÃ±a-Gerardo Ortiz	8,653,132	37,151	215
Eminem feat. Lil Wayne - No Love	4,912,038	68,996	516
Efek Rumah Kaca - Desember	6,309,297	76,715	426
Eres Una NiÃ±a-Gerardo Ortiz	8,653,133	37,151	215
Eminem feat. Lil Wayne - No Love	4,912,038	68,996	516
Enen no Shouboutai "Fire Force" | OP â— Opening FULL | Inferno âœ¦ Mrs. GREEN APPLE	6,176,105	64,259	5,548
Elephant In The Room - XXXTENTACION	6,995,784	86,817	1,721
Elvis Presley   Always On My Mind	3,231,131	38,773	474
Eric Thomas- Best Motivational Speech( A MUST LISTEN)	3,329,876	50,546	306
Escreve AÃ­ - Luan Santana (MÃºsica Nova)	5,473,899	47,362	142
Ed Sheeran - Shape Of You (Original)	4,367,657	84,102	611
Evanescence - My inmortal	3,707,132	57,123	713
Edi Rock Ft. Seu Jorge - That's My Way	7,780,371	118,191	1,214
ELmohtrfn.5.swhab.eltourky. Ø®Ù…Ø³ ØµØ­Ø§Ø¨ ÙØ±ÙŠÙ‚ Ø§Ù„Ù…Ø­ØªØ±ÙÙŠÙ† Ø§Ù„Ø¯Ø®Ù„Ø§ÙˆÙŠÙ‡ Ø¬Ø¯ÙŠØ¯ 2015	6,238,185	124,976	240
EFIX & Henri Pfr - I'm Goin' Down (feat. Florence Welch & Kid Harpoon)	4,945,251	80,816	1,190
El joker-Shakal Lelbe3 _ Ø§Ù„Ø¬ÙˆÙƒØ±-Ø´ÙƒÙ„ Ù„Ù„Ø¨ÙŠØ¹ (Dirty)+18	5,934,796	121,415	701
Enrique Iglasias - Hero	3,263,609	70,603	391
Enya - Only time	3,421,385	57,491	454
El Joker _ El Ra2sa El 2a5ira I Ø§Ù„Ø¬ÙˆÙƒØ± _ Ø§Ù„Ø±Ù‚ØµØ© Ø§Ù„Ø£Ø®ÙŠØ±Ø©	7,142,512	179,350	462
EL KONT TORKY  ||  Ù…Ù‡Ø±Ø¬Ø§Ù† Ø§Ù„ØµØ­Ø§Ø¨ ÙŠÙ„Ø§ 2019 Ø§Ù„Ø£Ø³Ø§Ø·ÙŠØ± Ùˆ Ø§Ù„Ù†Ù…Ø±Ø© 6	6,674,190	179,990	311
EMIN3M - Till I Collapse (NEFFEX Remix)	6,208,971	64,442	2,438
Ek tera pyar	3,741,496	74,566	491
Ed Sheeran - Thinking Out Loud (Boyce Avenue Acoustic Cover)	5,596,792	63,490	636
Ego - Willy William (VINCI REFIX)	10,650,888	148,921	2,378
Everybody Talks - Neon Trees	5,877,182	94,360	4,688
Errybody Not Your Friend	8,136,042	128,498	2,174
Excuse Me (feat. Too $hort) - Mozzy, Yhung T.O. & DCMBR	9,978,247	132,532	368
El Papel Cambio El Komander	9,627,944	49,557	156
Ethereal Adventure ~ Ambient Healing 432Hz Yoga, Relax, Meditation, Sleep	4,404,106	53,067	2,174
El Drip	9,212,792	93,319	2,380
El Joker - W El Oghnia De 7aram | Ø§Ù„Ø¬ÙˆÙƒØ± - Ùˆ Ø§Ù„Ø£ØºÙ†ÙŠØ© Ø¯Ù‰ Ø­Ø±Ø§Ù…	6,381,667	169,723	606
Earned It The Weeknd	4,934,632	78,251	521
EXO - Love Shot	5,056,363	87,398	2,295
Elijah Blake - I Just Wanna (RnBass)	5,605,240	84,396	131
Ed Sheeran - Galway Girl (Koni & Callum McBride Remix)	4,666,595	56,122	604
Efek Rumah Kaca - Sebelah Mata	8,349,742	95,527	1,161
El Joker - Ba3d El Nesyan l Ø§Ù„Ø¬ÙˆÙƒØ± - Ø¨Ø¹Ø¯ Ø§Ù„Ù†Ø³ÙŠØ§Ù†	8,458,236	234,453	938
El Boxer - Ø§Ù„Ø¨ÙˆÙƒØ³Ø±	4,071,706	98,759	1,796
ENRIQUE IGLESIAS - Bailamos	5,195,532	67,166	401
Eyes, Nose, Lips - TAEYANG	4,184,926	60,523	612
Eminen ft. Bruno Mars - Lighters	5,030,223	52,190	642
Eminem - Sing for the moment Feat 2Pac & Biggie	5,434,365	68,151	573
Egyptian Project - Soufi  Ø³Ù‚Ø§Ù†ÙŠ Ø§Ù„ØºØ±Ø§Ù…	5,863,957	131,233	2,238
Et7ad El-Kama - Sha3by W T3amel - 2015 _ Ù…Ù‡Ø±Ø¬Ø§Ù† Ø§ØªØ­Ø§Ø¯ Ø§Ù„Ù‚Ù…Ø© - Ø´Ø¹Ø¨Ù‰ Ùˆ Ø¨ØªØ¹Ø§Ù…Ù„ - Ù†Ø³Ø®Ø© Ø§ØµÙ„ÙŠØ©	6,668,021	141,770	271
Eurythmics - Sweet Dreams  Ibiza Deep Summer Remix	6,013,522	104,534	722
El Bebeto - No Te Creas Tan Importante	8,028,487	47,652	185
Efek Rumah Kaca - Desember	6,309,309	76,715	426
Everyday We Lit (Remix)ft Pnb Rock, Lil Yachty, & Wiz Khalifa	6,730,660	85,215	556
Ella Eyre - We Don't Have To Take Our Clothes Off (Whipped Cream Remix)	5,244,217	76,879	287
Eres Una NiÃ±a-Gerardo Ortiz	8,653,136	37,151	215
Eminem feat. Lil Wayne - No Love	4,912,045	68,996	516
Enen no Shouboutai "Fire Force" | OP â— Opening FULL | Inferno âœ¦ Mrs. GREEN APPLE	6,176,143	64,259	5,548
Eminem - Lose Yourself	5,097,016	72,986	2,270
EXO ; KoKoBop	3,422,154	60,291	668
Elephant In The Room - XXXTENTACION	6,995,796	86,817	1,721
Elvis Presley   Always On My Mind	3,231,136	38,773	474
Eric Thomas- Best Motivational Speech( A MUST LISTEN)	3,329,885	50,546	306
Ella Mai - She Dont Ft. TyDolla$ign	7,234,018	96,564	776
Eminem Feat. P!nk - Won't Back Down	3,844,570	50,484	606
Escreve AÃ­ - Luan Santana (MÃºsica Nova)	5,473,906	47,362	142
E1EMENT	3,088,458	42,082	74
Esta Cabron (Remix) - Ã‘ejo, X Gotay, Ft. Pusho, Almighty, D.OZi, Anuel AA, Yomo & Jamby ''El Favo"	4,784,246	71,501	643
Everything Nice- DreamDoll (Prod.Murrille)	4,509,144	54,193	214
El Perdon - Enrique Iglesias Ft Nicky Jam - ( Pdj Remix )	3,834,169	25,970	92
ELEGI - RAUW ALEJANDRO FT DALEX LENNY TAVAREZ	4,729,267	80,172	479
El mentado - Ariel Camacho	4,146,204	26,618	118
EGOISTA - Ozuna Ft. Zion & Lennox (Odisea)	4,021,551	44,353	59
Ebiet G Ade - Titip Rindu Buat Ayah	5,037,455	64,626	951
Earl Sweatshirt - Dat Ass	3,690,004	60,157	320
East 1999 - Bone Thugs-N-Harmony	2,270,854	31,120	327
Edward Maya - This Is My Life (Official Music Video) [HD]	2,444,452	41,665	281
Ezio's Family	2,431,231	32,242	1,103
Eminem - Business (Matoma Remix)	2,291,093	29,835	215
Escapate- Luis Coronel [SiiinglE 2013]	2,625,958	20,304	370
Electro Swing Compilation	1,844,312	34,194	1,043
Eminem - Forever (feat Drake, Kanye West and Lil Wayne; A-ClasSic remix)	2,317,310	28,945	285
EXO-K â€“ Wolf (EXO-K Ver.)	1,546,122	27,866	256
Enigma - Sadeness	1,605,750	26,268	581
Eileen	3,356,762	34,410	376
Enya - Only Time - (Violin Cover)	1,968,688	29,484	285
Ek tera pyar	3,741,525	74,567	491
Elektronomia - Sky High [NCS Release]	4,170,152	53,464	1,170
Ed Sheeran & Sia - Shape of You / The Greatest / Cheap Thrills	6,213,124	95,856	1,077
Elvis Presley - Jail House Rock	2,864,505	40,582	536
El Americano - Omar Ruiz	5,675,627	45,812	158
Everytime	4,782,042	67,048	671
Evanescence - Lithium	3,229,131	47,792	470
Ester Dean - Drop it Low (CAKED UP Remix) [Play Me Free]	3,015,137	38,860	969
EXO - Monster & Artificial Love & Cloud 9	3,994,813	59,283	790
Ellie Goulding - Your Song (Blackmill Dubstep Remix)	5,066,687	55,364	1,826
El Chivo (feat. T3r Elemento)	6,866,375	73,326	2,031
Eyad Tannous - Enta Zaalan Meni   Ø§ÙŠØ§Ø¯ Ø·Ù†ÙˆØ³ - Ø§Ù†Øª Ø²Ø¹Ù„Ø§Ù† Ù…Ù†ÙŠ	8,920,467	224,238	2,157
El Far El Sondo2  Ø­Ù…Ø§Ø¯Ù‡ Ù‡Ù„Ø§Ù„ Ø§Ù„ÙØ§Ø± Ø§Ù„Ø³Ù†Ø¯Ù‚	3,647,100	102,418	990
Every Time We Touch - Cascada	3,597,646	49,007	588
Ellie Goulding - Love Me Like You Do (Fifty Shades Of Grey) (Cover by: Monique)	5,303,694	50,488	453
Eric Bellinger - Or Nah ft. Marcus Moody	4,240,153	61,443	544
El Naharda Seheet Men El Noom - Ø§Ù„Ù†Ù‡Ø§Ø±Ø¯Ù‡ ØµØ­ÙŠØª Ù…Ù† Ø§Ù„Ù†ÙˆÙ…	6,203,496	163,596	789
Everybody's Circulation	3,555,766	56,468	2,977
em lÃ  bad girl trong bá»™ vÃ¡y ngáº¯n - niz ( prod.Soulker )	7,255,358	53,927	862
Eric Bellinger ft Jhene Aiko - Ex Again (www.hiphopcafeexclusive.com)	2,447,967	37,545	100
Eminem Im Not Afraid New Song 2010	2,479,911	33,835	411
Eminem & Nate Dogg - Shake That (Daniel Healeys' 'Minimal' Mix)	2,014,225	31,102	124
ENYA - ENIGMA - LISA GERRARD (COLLECTION)	1,261,769	20,097	427
Eric Bellinger - iPod On Shuffle (Prod. by Ayo)	2,588,462	39,099	80
El Amor	2,154,214	20,022	222
EU QUERO QUE TU VÃ, VAI TOMAR NO CÃš, PARA DE TOMAR CONTA DA MINHA VIDA KKK ğŸ¶ [ LANÃ‡AMENTO 2018 ]	2,966,407	55,391	269
Espinoza paz - el proximo viernes	2,881,782	20,999	227
Ehna Chauni Aa jassi gill	3,366,694	70,071	671
EE LAA - Flipperachi & Daffy Ø§ÙŠ Ù„Ø§ - ÙÙ„Ø¨Ø±Ø§ØªØ´ÙŠ Ùˆ Ø¯Ø§ÙÙŠ	2,133,480	40,211	83
Enya & Yanni  - For The Love Of A Princess	1,504,416	21,357	260
El Da9t - Ø§Ù„Ø¶ØºØ·	2,181,024	38,824	900
Ã‰ Com Ela Que Eu Estou - Cristiano Araujo	2,894,831	26,573	86
Et7ad El-Kama - Men Fena - 2014 _ Ù…Ù‡Ø±Ø¬Ø§Ù† Ø§ØªØ­Ø§Ø¯ Ø§Ù„Ù‚Ù…Ø© - Ù…ÙŠÙ† ÙÙŠÙ†Ø§  - Ù†Ø³Ø®Ø© Ø§ØµÙ„ÙŠØ©	2,325,052	48,889	236
Eres Tu- Carla Morrison	2,363,163	21,820	150
En La Intimidad - Ozuna (Audio Official)	3,216,936	32,666	56
Ezhel - Åehrimin TadÄ±	3,661,776	17,050	150
Every Breath You Take	1,487,159	19,038	206
Endor - Freaky Secret	2,176,522	34,381	33
Eminem - Crazy In Love	2,151,539	23,155	142
Evanescence - Bring Me To Life (Original Song)	3,871,629	59,203	653
Esha Ft. Pope - Lets Be Together (#jointhefaith 1:4)	5,421,097	62,298	696
Elissa - Ah Mn Hawak - Ø§Ù„ÙŠØ³Ø§ - Ø§Ù‡ Ù…Ù† Ù‡ÙˆØ§Ùƒ	5,501,413	129,251	642
Eu sei de cor - MarÃ­lia MendonÃ§a	3,070,725	52,029	84
Exotic - Summer Edition	1,745,809	46,043	498
Else - Paris	4,277,032	83,149	1,626
Endah n rhesa - liburan indie	6,056,662	63,162	637
Esctasy- In My Feelings (Ann Marie)	3,487,155	44,039	166
EL ALFA FT MOZART LA PARA FT LA KIKADA - LOS PATRONES	5,216,437	72,805	226
Everytime We Touch	3,295,496	41,951	172
Eric Bellinger - The 1st Lady	4,559,747	69,769	378
Eazy E - Gangsta Beat 4 Tha Street (Ft 2Pac Biggie Smalls The Game, Ice Cube)	3,821,245	49,652	435
Ellie Goulding, Diplo, Swae Lee - Close To Me (Job Remix)	4,310,366	52,243	661
EVERGLOW - Bon Bon Chocolat	3,245,524	50,548	1,125
El Alfa El Jefe X CJ X El Cherry Scom  La MamÃ¡ De La MamÃ¡	4,850,619	82,668	1,327
EGOVERT - HEY! ft. KIL (Prod. Morteh) [MUSIC VIDEO IN DESC.]	5,771,457	70,867	2,693
El De La Guitarra - El Solecito	5,253,382	46,717	390
Essential Mix - BBC Radio 1	2,496,342	66,477	2,074
Earl ft Lil YACHTY BIGBRUTHACHUBBA JBAN$2TURNT (Prod.Earl)	5,721,304	96,659	391
Everything Has Changed - Taylor Swift ft. Ed Sheeran Cover	3,060,852	26,371	284
Esquema Louco	5,606,332	96,437	224
Eminem - Forget About Dre (remix) - w. Method Man, Dr. Dre, Nas, Ice Cube, DMX, ODB, Redman, LLCoolJ	3,095,315	39,949	324
Ekhtrna El Bo3d_ Ø­Ù…Ø§Ø¯Ø© Ù‡Ù„Ø§Ù„ & Ø´Ø§Ù‡ÙŠÙ†Ø§Ø² Ø¶ÙŠØ§Ø¡ _Ø§Ø®ØªØ±Ù†Ø§ Ø§Ù„Ø¨Ø¹Ø¯	3,804,936	136,983	319
Essam Kamal / Ø¹ØµØ§Ù… ÙƒÙ…Ø§Ù„ - Ù‚Ø§Ù„ Ø£Ø¨Ù…Ø´ÙŠ	3,959,473	57,935	1,778
EURO GOTIT - POSSE FT LIL BABY (DIRTY MASTERED)	6,445,953	81,455	259
Eso Y Mas	3,932,309	33,717	170
E 40 - My Shit Bang	3,360,148	44,298	243
Especial AcÃºstico 1Kilo - Morena / Leao Guerreiro Pablo Martins Md Gabra CT Funkero Mz	4,471,864	74,369	116
Enrique Iglesias Feat. Pitbull - I'm a Freak	4,206,154	35,098	278
El Karma-Ariel Camacho & Los Plebes Del Rancho	5,840,860	30,376	189
El Komander - Abusamos Del Alcohol (2012) (Belico)	5,834,841	24,902	250
Edward Maya & Devas - Love in Stereo feat Vika Jigulina ( Violin Version)	2,749,074	43,766	1,234
eli filosov [ p h i l o ] - oneofone_rwrk	3,878,937	49,574	705
e[u].logy (prod. purpan)	3,770,254	47,859	716
El Far3i - Tghayarti (single) | Ø§Ù„ÙØ±Ø¹ÙŠ - ØªØºÙŠÙ‘Ø±ØªÙŠ	5,786,633	122,636	695
eyedress - jealous (slowed)	3,839,582	65,781	2,413
EL ALFA - SUAVE	4,334,201	62,421	196
El komander-cuernito armani	5,246,573	24,004	285
Everything Is Yours	3,388,648	50,497	177
Ella Y Yo- Don Omar Ft Aventura Extended Remix - [Old Shool] - [Dj Nelson] 2014 (Intro Sencillo)	4,669,043	46,725	215
El Joker - Azmet Mogtama3 L Ø§Ù„Ø¬ÙˆÙƒØ± - Ø£Ø²Ù…Ø© Ù…Ø¬ØªÙ…Ø¹	3,582,441	98,795	326
EL ALFA - SIENTATE EN ESE DEO	4,660,107	66,814	332
Ek Villan Galiyan â™«Galiyanâ™«	2,133,283	51,578	575
El Perdon Niki Jan Bs Enrique Iglesias	4,452,010	26,553	100
Eklo Ft. Jordin Laine - Feel So High (Pegato Remix) Out on Spotify	3,807,249	47,051	427
Everyday Normal Guy 2	3,410,339	68,197	726
E40 & Too Short ft. Tyga â€“ Slide Through    my new site https://soundcloud.com/therealdrunkenmonkeyz	3,052,940	34,589	288
Eric Clapton & Tracy Chapman - Give Me One Reason	1,985,596	27,791	388
Elvis Crespo - Tatuaje	3,492,896	32,205	105
fucc it up. [Prod. By Ice Starr]	17,625,295	238,175	2,511
Fetty Wap - DAM (Dats All Me)	25,350,081	336,570	1,593
Farruko âŒ Bad Bunny - Krippy Kush	31,328,244	383,871	1,571
Feel Good Inc.	25,716,137	372,551	7,658
French Montana - Unforgettable Feat. Swae Lee ( NO MERCY BOOTLEG )	27,086,116	331,840	3,450
Falsas Mentiras (feat. Ozuna)	28,772,579	301,341	792
Fairytale - Rod Da God	24,781,172	305,678	1,519
Flo Rida - My House (Wolf Rework)	16,421,285	177,111	3,152
Flo Rida - My House	20,336,422	213,717	3,154
Frank Sinatra - Fly Me To The Moon	15,789,873	354,025	3,744
Florida Georgia Line "Cruise" NO NELLY	7,697,721	115,696	1,818
Future- No Matter What	15,181,278	223,734	1,621
Festival Mix	612,774	6,447	293
Florida Georgia Line - Stay (Black Stone Cherry Cover)	11,631,759	106,455	1,489
fast [prod. SuecoTheChild & KenzDean]	23,794,465	310,629	5,496
Fourtwnty - Zona Nyaman OST. Filosofi Kopi 2 (Original Audio)	18,788,207	234,734	1,925
Fix You - Coldplay -  Boyce Avenue	15,069,349	166,559	1,489
Fana Merah Jambu	18,583,084	227,505	1,930
Futuristic - The Greatest	15,169,004	176,694	1,696
French Montana Ft. Wiz Khalifa, Lil Wayne & T.I. - Ain't Worried About Nothin	8,289,784	110,139	606
Future - Fo Real (Feat. Drake)	9,054,542	120,575	614
Frank Ocean - Nights	10,734,334	162,206	1,225
Ferrugem - Tentei Ser Incrivel	7,479,570	172,069	269
Fairouz KefaK Enta - ÙÙŠØ±ÙˆØ² ÙƒÙŠÙÙƒ Ø§Ù†Øª	9,453,754	295,809	1,857
Fort Minor- Remember the name	7,684,869	90,383	912
Freaks ~ surf curse	6,551,805	130,755	6,296
Flo Rida feat. Sia - Wild Ones	8,298,100	90,240	555
Falling In Reverse - I'm Not A Vampire	5,760,717	80,091	2,300
FIERSA BESARI - Celengan Rindu (versi album TEMPAT AKU PULANG)	11,635,074	147,072	2,897
Future - Stick Talk	9,480,498	106,604	310
Feyroz_ÙÙŠØ±ÙˆØ²- Ø³Ù„Ù…Ù„ÙŠ Ø¹Ù„ÙŠÙ‡	6,904,312	188,630	1,320
Freestyle Hip Hop {Rap} Instrumental	6,755,905	88,527	1,884
Frank Ocean - Ivy	6,686,933	108,139	772
Fe hetta tanya _ ÙÙŠ Ø­ØªÙ‡ ØªØ§Ù†ÙŠÙ‡	13,487,602	310,510	1,174
Future - Chosen One ft. Rocko (FBG- The Movie) Freeband Gang - Chosen One The Movie	7,677,473	102,932	712
Felipe Ret - NÃ³s SÃ³ Precisamos de NÃ³s -Numa Margem Distante	8,957,792	166,370	567
Foster The People - Pumped Up Kicks (Bridge  Law Remix)	5,847,982	91,783	1,638
Fall Away	5,557,154	66,506	941
Forever Young - One Direction	4,673,907	57,386	764
Fernandinho - Galileu	4,490,323	88,559	684
FNAF 4 (Break My Mind) -DAgames	6,358,567	74,712	5,617
Farruko - Hola Beba	6,759,241	66,404	610
Fabolous - Diced Pineapples (feat. Trey Songz & Cassie)	5,620,606	82,305	309
Feed The Streets (prod. DEQUEXATRON X000 Bobby Raps & DJ Tiiiiiiiiiip)	10,042,251	128,454	1,089
FNAF SISTER LOCATION Song by JT Machinima - "Join Us For A Bite"	6,486,083	74,744	6,910
From Eden | Hozier	5,970,662	75,975	255
frank ocean - in my room (slowed + reverb by slater)	5,957,518	108,381	2,066
Foster The People - Pumped Up Kicks (Bridge And Law Remix)- Trap God	4,469,314	77,368	1,893
Flo Rida - Right Round	5,564,795	55,463	755
Fool Wit It Freestyle (Ft Chance The Rapper)	6,282,622	121,110	563
Familia Mada part. Cacife Clandestino - Sol ( Prod. Ceah )	6,035,836	75,600	336
Flakee Feat Allison- Key To Your Heart FREE DOWNLOAD LINK IN DESCRIPTION	267,460	2,368	272
Flux Pavilion - I Can't Stop (Ekali Tribute)	5,153,057	121,297	1,062
Filipe Ret - RÃ©us (prod. Shadow e Dhigo)	7,535,765	116,675	610
Fiersa Besari - Celengan Rindu (cover by Feby Putri NC)	8,870,358	124,791	3,048
Faz Tempo - Henrique e Juliano { DVD 2014}	5,597,855	52,481	78
Forever (Drake)	4,460,802	51,617	546
Feel to Cry, Smile & touched - Mash UP Unplugged - SAURAV SHARMAA - 2017 Top Songs	3,981,022	64,819	268
Formation - BeyoncÃ¨ ft. Glamour(Formation Cover) by DiggyBreezy	3,756,228	50,819	392
Fairouz KefaK Enta - ÙÙŠØ±ÙˆØ² ÙƒÙŠÙÙƒ Ø§Ù†Øª	9,453,858	295,810	1,857
Fed Up Remix	9,130,975	137,584	554
Falling For U (feat. mxmtoon)	8,133,554	129,641	3,202
Fort Minor- Remember the name	7,684,887	90,383	912
Faithless - Insomnia (Calippo Remix)	7,374,329	138,825	10,392
Flash Light-Jessie J.mp3	5,564,023	78,937	377
Free Rap Beat 2020 - "Kush" Weed Smoking Type Instrumental Freestyle Hip Hop Rap Beat Free	8,190,546	120,014	1,828
Filipe Ret - NeurÃ³tico de Guerra (prod. MÃ£oli)	10,588,998	171,890	1,253
Feels (Prod. Wolftyla)	8,538,920	149,651	1,049
Freaks ~ surf curse	6,552,021	130,756	6,296
Flo Rida feat. Sia - Wild Ones	8,298,109	90,241	555
Falling In Reverse - I'm Not A Vampire	5,760,733	80,091	2,300
FIERSA BESARI - Celengan Rindu (versi album TEMPAT AKU PULANG)	11,635,094	147,072	2,897
Future - Stick Talk	9,480,500	106,604	310
Feyroz_ÙÙŠØ±ÙˆØ²- Ø³Ù„Ù…Ù„ÙŠ Ø¹Ù„ÙŠÙ‡	6,904,370	188,632	1,320
Five Nights at Freddy's Song - The Living Tombstone	6,893,744	82,507	5,809
French Montana - LockJaw (Remix) Ft. Gucci Mane & Kodak Black	9,011,653	125,963	452
Futuristic - King Speech	8,066,858	96,360	910
Foals - Late Night (Solomun Remix)	6,125,517	134,662	1,043
Ferrugem - VocÃª e Eu	7,016,129	172,087	353
Flavours #1(Hyphy Pregame)[IG: @dyln_]	4,860,847	96,496	244
FRIENDS Marshmello	10,960,425	166,515	1,766
Family ft. Vic Mensa and Sulaiman (Prod. by The Blended Babies)	8,867,327	110,031	293
Freestyle Hip Hop {Rap} Instrumental	6,755,921	88,527	1,884
Frank Ocean - Ivy	6,686,944	108,139	772
FERRUGEM - MEU BEM	6,854,258	138,569	221
F2020 (Original Song: Avenue Beat)	2,239,805	91,000	12,625
Felipe Ret - Invicto	10,106,977	176,346	503
Fe hetta tanya _ ÙÙŠ Ø­ØªÙ‡ ØªØ§Ù†ÙŠÙ‡	13,487,753	310,513	1,174
Future - Chosen One ft. Rocko (FBG- The Movie) Freeband Gang - Chosen One The Movie	7,677,487	102,932	712
Ferrugem - PaciÃªncia (Ao Vivo Na RÃ¡dio Mania)	6,808,562	147,015	245
Fuck The World (Summer In London)	7,524,827	122,892	1,128
Felipe Ret - NÃ³s SÃ³ Precisamos de NÃ³s -Numa Margem Distante	8,957,919	166,371	567
frank ocean - chanel (nick leon atmosphere edit)	8,277,592	120,398	1,548
Foster The People - Pumped Up Kicks (Bridge  Law Remix)	5,847,993	91,783	1,638
Fisher - Stop It (Original Mix)	5,364,526	112,693	589
FLOWERS IN THE POURIN' RAIN	3,450,018	47,309	113
Far Away - Nickelback (Guitar Cover)	3,144,398	25,395	251
FloRida feat Kesha - You Spin My Head Right Round	3,947,333	38,064	517
Filipe Ret - A Libertina (Audio Oficial)	6,336,921	108,421	231
Ferrugem - Som Do Tambor	3,397,640	71,924	75
Freestyle Hip Hop Instrumental (J Cole Type Beat) - "Purple Clouds" - Rap Beats, Trap Instrumentals	3,251,973	53,013	884
Filipe Ret - Louco pra voltar (Ãudio Oficial)	6,646,556	120,191	469
French Montana - Gifted (Feat. The Weeknd)	3,841,733	52,962	250
Fall Out Boy - Dance Dance	3,651,089	31,672	388
Frank Ocean - Strawberry Swing	2,070,260	56,709	395
FREDDY MOREIRA - MIXTAPE 7 (The Sunny Escape)	2,025,156	27,707	6,445
Frank Ocean - Self Control	3,264,530	55,421	364
Fabolous - We Good Ft. Rich Homie Quan. The Young OG Project	3,827,301	49,988	151
Futureâ­Kno The Meaning (Lyrics)	5,077,237	63,649	157
Flights - Jack and Jack	2,042,184	25,566	314
Fuse ODG Ft. Angel - T.I.N.A (Radio Edit)	3,545,522	40,814	227
Fluorescent Adolescent - Arctic Monkeys	3,252,496	34,630	217
Fifth Harmony - Red	2,697,907	36,748	376
Fast and Furious 5 (Fast Five REMIX) - Don Omar - How We Roll (01 soundtrack).mp3	4,101,542	39,870	289
Ferrugem - Ensaboado	2,709,313	55,454	31
Frank Sinatra - Killing Me Softly	4,707,798	110,974	1,407
From Eden | Hozier	5,970,674	75,975	255
frank ocean - in my room (slowed + reverb by slater)	5,957,590	108,383	2,066
Ferrugem - Quer Ser Minha Namorada (PrÃ©via) 2016	4,884,581	118,052	198
Foster The People - Pumped Up Kicks (Bridge And Law Remix)- Trap God	4,469,350	77,368	1,893
FamousToMost - #WHIP	4,482,541	57,800	885
Fortnite - Murda Beatz ft. Yung Bans, Ski Mask the Slump God & Lil Yachty	9,144,104	164,154	4,611
Five Nights At Freddy's Song- It's Me by TryHardNinja	5,076,823	63,678	4,946
Flo Rida - Right Round	5,564,849	55,463	755
Foreva (feat. T.I.)	8,340,214	111,534	243
Fool - cavetown	4,453,486	65,794	1,732
Ft. Big Sean - "Do It Again" (prod. by Key Wane) VIDEO in description	5,643,492	94,943	385
Fantasy	7,028,985	107,738	1,902
Fool Wit It Freestyle (Ft Chance The Rapper)	6,282,638	121,110	563
Familia Mada part. Cacife Clandestino - Sol ( Prod. Ceah )	6,035,858	75,601	336
Felix Irwan Cover Full Album  Pilihan Terbaik + Enak Didengar Setiap Waktu	7,957,514	116,605	3,318
Flakee Feat Allison- Key To Your Heart FREE DOWNLOAD LINK IN DESCRIPTION	267,461	2,368	272
Flux Pavilion - I Can't Stop (Ekali Tribute)	5,153,114	121,299	1,062
Falling In Reverse- Fashionably Late	3,724,814	50,765	1,179
FatherStretch my hands	6,099,631	78,491	287
Fiji - Lonely Days feat. J Boog	4,772,070	59,693	1,122
Filipe Ret - RÃ©us (prod. Shadow e Dhigo)	7,535,840	116,676	610
Far Alone X In Your Life (Alex Bamford Edit)	5,374,004	80,858	210
French Montana - Fuck What Happens Tonight (Ft. Mavado, Ace Hood, Snoop Dogg & Scarface) [CDQ]	5,821,985	66,842	852
FILV - BALENCIAGA	10,630,692	157,286	1,331
Fiersa Besari - Celengan Rindu (cover by Feby Putri NC)	8,870,393	124,792	3,048
Frank Ocean - 'American Wedding'	5,051,653	98,375	803
Faz Tempo - Henrique e Juliano { DVD 2014}	5,597,861	52,481	78
Frank Ocean - Thinking Bout You (edit)	5,560,476	79,038	831
Forever (Drake)	4,460,806	51,617	546
Faded - Alan Walker (Acoustic)	7,021,421	72,871	688
Feel to Cry, Smile & touched - Mash UP Unplugged - SAURAV SHARMAA - 2017 Top Songs	3,981,034	64,819	268
Formation - BeyoncÃ¨ ft. Glamour(Formation Cover) by DiggyBreezy	3,756,238	50,819	392
Footloose - Blake Shelton	3,899,299	30,970	708
Full Album NISSA SABYAN TERBARU (Versi Lengkap)	6,509,766	97,619	2,068
FBG DUCK RIGHT NOW	6,618,247	77,259	959
Frank Sinatra My Way	3,782,073	70,837	336
Falling	5,625,190	93,633	556
Fahad Khan - Indian Songs Mix # 2	1,434,593	26,293	331
Ferrugem - Ao Vivo - Radio Mania  COMPLETO	2,827,021	59,235	113
Flexin' trÃªn Circle K | Low G (Prod. Jadu Jadu)	2,815,012	32,744	560
Florida - Whistle	2,829,510	27,183	233
Feel Tha Rush -Pleasure P-	1,582,420	21,933	201
Faded Panda (Laurenson Mix)	2,442,496	36,858	180
FREDO SANTANA - FUCK THE OTHERSIDE	3,528,818	51,500	715
Frank Ocean - At Your Best (å…šéš”å£)	1,795,842	51,190	167
