user-name	Verified	Follower	Following	Track
ali	1	2.65M	0	37
AskPat	0	429K	1	23
Americarnage	0	831K	1	4
Atomic [UK]	0	88.7K	108	29
APM Reports	0	146K	5	3
ABCRadioNational	0	77.7K	1	22
Alicia Jones	0	575K	0	0
AmmarTV	0	16K	2	0
Avanoticias	0	553	1	121
AlexHorne BreaksTheNews	0	121K	0	5
Atomic Trivia War 9000	0	358K	13	3
AC 360	0	98.3K	1	6
ATIF ASLAM	0	163K	0	3
A.D.D. Comedy with Dave Razowsky	0	65.2K	25	2
Adam Hunter's World	0	125K	0	3
Adam Buxton	0	18.1K	14	196
ASTRecords	1	798K	35	4
Amnesty International UK	0	407K	11	6
Axis/Jeff Mills	0	92.5K	0	1
ANlovebolly	0	13.7K	202	4
Amnesty International UK	0	407K	11	6
Axis/Jeff Mills	0	92.5K	0	1
ANlovebolly	0	13.7K	202	4
ayaat_group	0	20.7K	0	26
ArsTechnica	0	155K	0	4
am900chml	0	738	0	6
Alvin	0	11.8K	2	0
Al Jazeera	0	46K	2	9
Alberts	0	755	2	5
A History of the World	0	34K	194	12
Art Style: Techno	0	32.1K	1,696	3,156
ADERA_ega	0	58.1K	0	25
Amir Tataloo	0	71.6K	0	43
Awakening Music	0	104K	3	144
Ahmad_alobied	0	6,725	0	1,062
ArianaGrande	1	116K	3	4
absolutemusicuk	0	303	6	154
Archange Gospel	0	3,207	5	190
ABK Radio Officiel	0	254	0	4,529
Alex Clare	0	83.9K	0	3
Alci Taveras	0	24	28	0
Acoustic Music Recordings	0	6,162	68	141
Aniara Recordings	0	23.7K	73	91
Agencia Andina	0	355	26	3,089
Alexis Ren	0	102K	59	13
AlsadiqSociety	0	1,569	0	1,078
Acid Pauli	0	125K	116	19
ArchKL	0	263	0	2,627
Arena Decklists	0	4,278	0	286
antennafoundation	0	535	58	2,633
Andres  Zand√∫	0	90.1K	348	71
Ashton Kutcher	0	63.2K	16	5
Anartist Official	0	1,615	6	20
Art Is Hard Records	0	10.5K	171	210
ARYQTV	0	2,820	0	460
AndorfineRecords	1	13.2K	7	594
Aylen	1	51.1K	550	5
Albaseerah	0	5,043	0	493
Authors Recording Company	0	53.2K	10	21
Al Hurria FM ÿ±ÿßÿØŸäŸà ÿßŸÑÿ≠ÿ±Ÿäÿ©	0	456	3	1
Amazing Chill Out Jazz Paradise	0	370	0	1,824
Arijit Singh	0	479	0	1,464
Awake in the World Podcast	0	2,738	7	377
ALLISON ZO DETONA FUNK	0	26.6K	3	52
AdySuleiman	1	13.3K	0	69
Abdulqader Qawza	0	12.5K	34	49
Amulet Records	0	648	24	73
ARRahman-Addicts	0	18.1K	2	46
antalrushhour	0	32.8K	296	15
Amam	0	8,133	307	551
Aprender de Grandes	0	2,005	2	258
anisarahmaadi	0	13.4K	54	13
Adorbies	1	16.4K	1	39
AMPai Music	0	3	0	1,708
Ahmad Jamal	0	748	0	1,466
Alon Peer	0	8	2	2
Arthur Schopenhauer	0	18	0	1,818
Anand Rao	0	465	685	16
ArchieHamilton	1	37.7K	2,000	22
AlexisK,Unsub&n0isemakeR	1	6,844	144	207
AL Datunugu	0	20.7K	8	56
Auralation Music	0	372	684	457
adediablo	0	6,073	93	1,443
ABSENCE	1	72.8K	165	5
aki.mix	0	3,752	0	192
Adeline	0	24.8K	220	1
Abdulmunaim Eid	0	198	3	1,414
AlWootton	1	16.8K	410	30
AND ONE	0	3,165	3	327
ANTONIO CORRAO	0	1,843	0	185
Americhicks	0	244	71	1,428
Airmow	1	6,601	2	31
Anuradha Paudwal	0	800	0	924
Alison Rosen	0	885	1	17
A View From The Bridge	0	546	2	1,011
Assemble Sound	0	1,119	349	33
abadi dj & Dj Moh Sal	0	6,934	1	96
Alan Tam	0	207	0	1,223
√Ä TRAVERS LA BIBLE	0	89	0	1,299
Agora Philosophical Forum	0	3,188	0	339
anicaordan	0	16.2K	122	34
AmiiBear	0	49.1K	5	0
ABA on Air	0	4,009	0	111
ARCMusic	0	129	12	1
araynor	0	191	1	0
ACHT	1	27K	40	209
agnes	0	27.3K	119	26
Anand Rao	0	465	685	16
airhead	0	13.3K	0	13
AndreaFissore	1	18.5K	25	71
AthoniteTestimony.com	0	897	3	905
alexchase	0	9,199	233	19
AncientMethods	1	31.2K	38	102
ABC Conversations	0	2,435	37	4
ASongs Publishing	0	764	85	4
Alexaert	0	23.4K	0	18
Audiobook Download	0	2,848	218	21
Agencia de Noticias	0	310	0	65
aitnewsradio	0	3,130	0	77
Arabic Music ÿ£ÿ∫ÿßŸÜŸä ÿπÿ±ÿ®Ÿäÿ©	0	45.2K	1	10
AvidMuzikFan.	0	9,475	1,215	217
Ansome	1	28.6K	188	33
Active Team Group	0	344	5	916
A2RBEATZ	1	3,046	83	570
arabic-langblr	0	232	1	1,161
Art Farmer	0	61	0	993
Alabama	0	1,964	0	372
Ajello	0	8,090	37	74
ArtikalMusicUK	1	13K	30	99
Akufen	1	15.7K	81	105
Abstract Space Records	0	1,872	669	830
A Bergkamp Wonderland	0	1,121	0	706
Abdul Rahman ALHAZWANI	0	302	339	520
andira_83	0	12.2K	12	28
Asas Livres	0	296	0	842
Audios	0	143	0	1,081
ACUMEN	1	11.8K	1,977	247
AZJim	0	112	0	607
as-Sabeel	0	2,585	0	332
AHS Journalistiek	0	70	16	783
anas_almiman	0	1,440	0	60
AvidMuzikFan.	0	9,475	1,215	217
Ansome	1	28.6K	188	33
Annie Smart	0	3,759	1,974	396
Artur Sita	0	911	0	322
Active Team Group	0	344	5	916
A2RBEATZ	1	3,046	83	570
arabic-langblr	0	232	1	1,161
Art Farmer	0	61	0	993
Alabama	0	1,964	0	372
Ajello	0	8,090	37	74
ArtikalMusicUK	1	13K	30	99
Akufen	1	15.7K	81	105
Avitas	0	1,000	13	28
Abstract Space Records	0	1,872	669	830
A Bergkamp Wonderland	0	1,121	0	706
Abdul Rahman ALHAZWANI	0	302	339	520
andira_83	0	12.2K	12	28
AffinityXtra	0	593	495	1,222
Asas Livres	0	296	0	842
Atlantic Council	0	657	0	802
amin saleh	0	9	0	812
Akina Nakamori	0	89	0	878
ANA	0	52.3K	26	1
Audio4Play	0	9,509	239	62
Applied Acoustics Systems	0	1,349	13	258
Alfons Petzold	0	17	0	1,027
Asmaa Nassar	0	183	5	161
Axel Caram	0	12.8K	11	40
ANTON PIEETE	0	20K	122	14
Ahmed Elhouli	0	1,368	12	117
Abdulrahman | ÿπÿ®ÿØÿßŸÑÿ±ÿ≠ŸÖŸÜ	0	8,170	0	73
Ameen7ameem	0	2,784	34	32
alahmad	0	650	0	780
Armagideon Times	0	2,456	312	376
azizaldhuwaihi	0	7,606	0	60
AllGenres (Repost & Promotion)	0	34.4K	1,903	16
Alka Yagnik	0	1,470	0	562
Abel Aguilera	0	14.3K	200	70
Anibal Velasquez	0	22	0	867
Alvin Anthony	0	47	12	7
APACH(€ûfficial)	1	10K	0	195
ADVM BOMB	0	22K	1,405	101
Abstraxion+Lion'sDrums	1	10.3K	500	122
AfreakaRecords	0	17.5K	13	23
Amnesia Ibiza (oficial page)	0	45.8K	42	0
Areal	0	9,181	7	17
ANABOLIC BEATZ	0	2,906	167	366
Alber-K	0	2,651	221	14
Alley Walkers	0	3	0	990
abyusif	0	42.7K	0	0
Ambiances Ambigu√´s	0	198	6	194
Area 11	0	4,187	1	1
Agilar	0	12.3K	12	20
Amy dB	0	22.6K	324	31
Atlantik	0	12.4K	168	24
A Liga	0	25.3K	27	13
ad noiseam	0	10.6K	109	56
Ashraf Fanous	0	839	0	448
AgroEffective Comunica√ß√£o	0	28	8	911
AudioActive Music	0	51	1	921
AARP Audio	0	100	0	39
AfghanRaiders (Official)	0	38.4K	151	2
ALEX HARD	0	47.1K	84	5
ArchitectureInHelsinki	1	10.9K	57	194
Answer Code Request	0	33.3K	272	15
Antoine Daniel	0	9,501	11	12
AEZ Recordings	0	2,373	220	50
archived	1	30K	303	13
Atelier Ciseaux Records	0	4,219	0	18
bluenoterecords	1	4.38M	5	2
BHPublishingGroup	0	1.27M	0	11
BBC World Service Radio	0	113K	198	67
BetterListen!	0	1.11M	10	895
BackStory	0	800K	29	5
Bloomberg Opinion	0	781K	5	14
BookD Podcast	0	908K	37	5
Boyce Avenue	0	212K	0	18
Built By Titan	0	1.21M	23	13
burn-studios	0	2,666	1	0
ballantinesloudblue	0	472	0	314
Books and Authors	0	451K	194	6
Burial	0	129K	0	0
BBC Reith Lectures	0	225K	194	5
BK. S	0	1,139	61	14.3K
BBC Book Club	0	449K	194	6
Big Pop Fun	0	94.1K	0	3
BBC Material World	0	490K	194	6
BolivarValera	0	3,334	111	1
BLITZKIDSmvt.	1	1.33M	0	4
Beinsa Duno	0	1,453	1,401	9,767
Bison 1660	0	972	3	9,620
Business Radio 98.9	0	10K	0	4,095
Brilliance Publishing	0	691	5	4,518
BBC Radio 3 Essays	0	140K	194	12
BuzzFeed	0	107K	24	51
Benchmark Radio	0	596	0	8,873
Books & Company	0	50	3	7,119
BradPaisley	1	135K	0	0
Bodega Boys	0	44.7K	0	251
BloombergQuint	0	7,094	0	1,119
Background Music for Videos	0	60.2K	2	191
Bastian B	0	21.9K	10	41
Beti a'i Phobol	0	44.1K	194	5
Bloomberg Daybreak	0	4,486	6	34
BBC Media Show	0	42.3K	264	6
Barry Morgan Show	0	392	1	18
BedouinSoundclash	1	92.1K	0	193
being_human	0	34.5K	194	7
BOSS(Roland Corporation)	0	1,916	0	1,517
Brian's House	0	107K	0	10
BabyWatch	0	130	7	528
BiggerPockets Real Estate Podcast	0	9,110	0	928
BOLD BRAVE MEDIA	0	111	0	3
Beit Maran	0	27	0	2
Bistum W√ºrzburg	0	169	11	3,958
BBC Radio 4 Short Cuts	0	42K	194	6
Binz Da Poet	0	119K	24	41
BBC R4 Americana	0	32.6K	194	5
Black Octopus Sound	0	11.6K	114	891
Bj√∂rn Natthiko Lindeblad	0	4,388	0	499
BivouacRecording	1	31.2K	4	1,368
Big Juwap	0	35.3K	0	18
Bible Audiobook	0	995	2	40
Bochkor	0	959	0	3,202
Biz	0	11.3K	0	5
BUILD Series	0	518	1	6
BEACH FREAKS RECORDS	0	8,235	265	780
BBC Jazz on 3	0	6,350	241	28
betev√© 91fm	0	345	5	3,864
Ben Fawkes	0	9,923	1,985	215
Blue Microphones	0	15.9K	99	566
BibbiaVOX	0	128	0	19
Br.	0	4,344	0	390
Bahtera Media Network	0	3,723	11	478
BLACK LIONS BEATZ | TYPE BEAT, BEATS, 2021	0	85.9K	49	218
Bo Sanchez Radio	0	1,859	2	1,641
Best Playlists Ever	0	477	3	582
Bang The Drum Party NJ	0	7,949	49	376
 ô ü·¥Ä  ô ü·¥Ä ·¥ç·¥ús…™·¥Ñ	0	11.3K	179	1,125
Buddemusic	0	57	1	13
Bon FM	0	253	0	3,544
B√≠blia Cat√≥lica Online	0	2,069	6	157
Bolinda audio	0	263	78	2,692
BLiSS	1	167K	36	121
Beatfreak Recordings	0	10.8K	64	891
Baby Pluto | New Patek	0	32.7K	0	0
Beeld en Geluid	0	747	130	2,591
bradbreeck	0	10.7K	145	439
Bacill Produktionsbyr√•	0	69	2	30
Bacill Produktionsbyr√•	0	69	2	30
Barron Studios	0	1,412	157	828
Binothaimeen tv	0	2,705	0	1,989
BLONDES	1	40.6K	27	91
blucu	0	44.3K	77	49
Back To Back Podcast with Willy Joy	0	4,942	3	234
BYNX	0	39.7K	14	12
Bombed Out Church	0	32	0	182
Belivi	0	2,414	0	0
BassRebels	1	6,143	3	541
Brahma Kumaris UK	0	2,283	0	843
BBC Mundo	0	968	194	12
BruceKalmick	0	10	5	29
Bevione	0	1,255	0	28
BBC606	0	754	195	8
burningspearmusic	0	88.1K	0	41
Blendle	0	759	0	2,317
bbbbbb recors	0	11.5K	46	122
big-finish	0	5,050	1,948	1,205
BlapChat	0	4,297	38	124
BBNEWS Radio One	0	332	0	32
bbbbbb recors	0	11.5K	46	122
big-finish	0	5,050	1,948	1,205
BlapChat	0	4,297	38	124
BQ Recordings / 3xA Music	0	1,443	5	1,614
Beyond Synth	0	7,235	139	337
Barefoot Investor	0	3,738	0	0
Being Boss: A Podcast for Creative Entrepreneurs	0	4,539	0	456
baacenter	0	1,319	3	1,398
BeatDemons	0	8,413	0	440
Beacon of Light Radio	0	428	1	1,814
Br√ºder Grimm	0	6	0	2,175
Black Turtle Records	0	1,410	890	1,807
Buzz Burbank	0	541	3	1,503
brunilde27	0	136	0	1,440
Bobby Vee	0	139	0	1,873
Bill Whittle Network	0	916	2	1,726
Brous One	0	9,896	9	283
BrainPower | A Sua Academia Cerebral	0	1,973	1	1,406
blessonebeats	0	111	303	723
Buzz Burbank	0	541	3	1,503
brunilde27	0	136	0	1,440
Bobby Vee	0	139	0	1,873
Bill Whittle Network	0	916	2	1,726
Brous One	0	9,896	9	283
BrainPower | A Sua Academia Cerebral	0	1,973	1	1,406
blessonebeats	0	111	303	723
belurmath	0	650	0	927
BARZ!	0	35.6K	0	0
BreakingBeattz	1	53K	281	16
biblioboard	0	66	0	0
Beat Identity	0	5	1	0
BluFace Baby	0	37.4K	0	7
Bristol Ideas	0	1,224	0	1,172
BlipAudio	0	182	93	1,536
BAD TASTE RECORDS	0	8,542	52	76
bittenrecords	0	11.7K	55	432
BlizzVito	1	77.4K	2	4
Broombeck	0	21.6K	10	176
Bethel Cochabamba	0	342	0	1,751
Bethel Cochabamba	0	342	0	1,751
BobbyTank	1	22.1K	231	57
BANG YONGGUK	0	46.3K	0	6
ben mono / operate	0	39.6K	1,534	27
BMG Promo	0	238	20	1
BLINK 102 FM	0	450	7	1,727
BRI Breslov	0	522	0	1,591
BYNews	0	71	0	1,970
Bitch Media	0	4,148	59	497
Bully And The Beast	0	3,166	5	145
Berri Txarrak	0	53.3K	21	19
Baby Sleep Lullaby Academy	0	418	0	1,548
Black Lizard	0	6,198	23	356
BROOX	0	30.8K	0	0
Bill Frisell	0	2,598	7	611
Baco Records	0	3,213	26	198
Boi Bumb√° Garantido	0	1,085	0	768
BolachaDiscos	0	2,172	14	50
BlissFul Living	0	4	0	0
Big Baby Jesus	0	15K	44	1,043
Born With A Five O'Clock Shadow	0	110	1	1,493
Brazilian Bass Music	0	19.9K	141	95
BFDMREC	0	12.4K	1,447	223
Byungseo Yoo	0	239	80	1,529
Beyond Beyond is Beyond	0	3,108	179	423
Beckers	0	34.9K	142	16
Bj√∂rn Torwellen	0	32.5K	26	50
Bojana Jovanovic Music arrangements	0	396	66	978
Beat of the Week	0	393	1	252
Barry Manilow	0	1,725	0	631
Berberis	0	6,254	183	619
baratunde	0	42K	138	10
Brandon Baxter In The Morning	0	122	0	1,414
Batsauce	0	2,245	18	504
Book of Mormon Central	0	798	10	778
Bruton Music	0	181	5	56
Barstool Radio	0	4,550	0	15
BCore Disc	0	1,442	59	821
Believe Distribution Services	0	1,171	196	5
BamBucha	0	41.5K	1,753	4
Beatsuite.com	0	255	98	0
Black Coffee Music	0	8,846	15	51
Boyinaband	0	15.7K	9	49
BunteBummler	1	23.6K	57	80
Benjamin	0	6,947	23	31
Basher	1	13.9K	5	62
blog do toninho	0	163	0	61
B4LLIN STAWNS (Beats)	0	3,090	141	486
Barry Likumahuwa	0	9,924	20	17
BrilhoCast-Dicas de Vendas e Motiva√ß√£o Andr√© Ortiz	0	474	0	1,102
beadyeye	0	7,667	0	32
Blob_Agency	0	1,638	1,979	1
Beam-Sensei	0	2,471	0	52
Bhutanese Songs..	0	16.6K	16	38
Bulletproof Radio	0	2,028	0	2
buddhavgorode	0	1,567	5	306
Brown & Gammon	0	31.6K	214	30
Babbu Mann official	0	14K	6	0
backto95	0	3,183	35	163
Boeoes Kaelstigen	0	21.8K	302	5
Basher	1	13.9K	5	62
blog do toninho	0	163	0	61
B4LLIN STAWNS (Beats)	0	3,090	141	486
Barry Likumahuwa	0	9,924	20	17
BrilhoCast-Dicas de Vendas e Motiva√ß√£o Andr√© Ortiz	0	474	0	1,102
beadyeye	0	7,667	0	32
Blob_Agency	0	1,638	1,979	1
Beam-Sensei	0	2,471	0	52
Bhutanese Songs..	0	16.6K	16	38
Bulletproof Radio	0	2,028	0	2
CTMI	0	1.26M	9	2,025
ChristinaAguileraOfficial	0	222K	0	0
casadeoracionmexico	0	15.4K	0	6,801
Chips with Everything	0	513K	11	9
Chapo Trap House	0	45.1K	3	556
Cadenza  Music	0	103K	44	687
Check-a-Bitch Beats	0	522	15	10.5K
Chart Collective	0	672	0	6,882
CSIS	0	3,629	0	7,058
council1arch	0	4,851	0	3,137
Comunidade Cat√≥lica O√°sis	0	799	0	7,921
Cymatics.fm	0	132K	2	93
Comic Book Club	0	93.9K	0	1,051
CharlotteChurch	0	443K	0	1
Comics On Comics	0	237K	1	3
Charlie Murphy Presents	0	578K	22	21
CHIP101.9	0	336	0	8,386
Crossroads Performance	0	1,477	4	5,510
Classroom Composers	0	16	0	0
Coptic Orthodox Jerusalem	0	2,249	1	5,666
CBS News Radio	0	48.8K	9	102
CongueroRD	0	4,326	153	51
COPE Pe√±aranda	0	314	0	12
Cook The Perfect	0	39.2K	194	18
Classical KING FM	0	6,263	48	0
CBS Sports Podcasts	0	3,425	0	3
Cypress_Hill	0	66K	0	12
cleanfeedmedia	0	108	33	37
cjgries	0	232	1	5,076
CinemaSins	0	11.4K	2	594
Comit√© de Grabaciones	0	612	43	0
citrusonicpromo	0	1,114	117	1
cheerleading-music-mix	0	7,526	16	13
Charles Dickens & Peter Silverleaf	0	13	0	3,988
CanZion Group LP	0	8,513	6	1,052
CubanFlow.com	0	899	8	0
ChristianGerhaher	1	31.5K	0	74
Chat With Traders	0	11.9K	9	227
Caf√© del Mar	0	101K	0	90
Cloud Nine Records	0	133K	106	195
Candido Fernandez	0	78	0	3,039
ChillTracks	1	163K	23	0
Coffee Ramblings	0	381K	13	4
Corte Interamericana de Derechos Humanos	0	609	1	2,308
Cantora	0	32.3K	63	75
Cosmos Music	0	2,736	95	227
contraportadaradio	0	229	2	9
CERTIFIED	1	74.2K	1,999	305
CBC Edmonton	0	391	0	24
Carnegie Endowment Events	0	879	3	1,927
Caskey407	0	31.5K	12	63
Capital Digest	0	75.1K	18	18
Crummey Show	0	30.1K	9	27
Casa de Oraci√≥n Houston - Oficial	0	1,035	4	1,729
cupid	0	13K	347	27
Creative Pep Talk	0	7,402	1	136
C√°mara de Diputados MX	0	650	20	50
C418	0	34.5K	6	2
Circuito X	0	182	3	19
Carnegie Hall	0	488	0	85
College	0	0	0	0
Club 44	0	1,256	0	2,254
CT Yankee Chorus	0	214	3	2,281
Cuartero	1	61.7K	48	43
Cor Ecclesiae	0	128	8	3,513
Cool Kitty	0	82.6K	1,980	1
Concrete Jungle Kirtan	0	3,862	19	981
Crossroads Label Group	0	637	11	2,160
ChillTracks	1	163K	23	0
CircusP	1	20.4K	102	236
Cosmos Music	0	2,736	95	227
Chakra Healing Music Academy	0	817	0	2,633
CMG	0	129	0	0
CJSW Radio	0	927	203	2,448
Carlos Gardel	0	564	0	2,775
compassheart	0	321	2	2,025
CGBC online Âä†ÊãøÂ§ßËèØÊí≠‰∏≠ÂøÉ | ÂçéÊí≠	0	159	0	2,874
Caf√© Weltschmerz	0	1,760	2	1,831
cupitaly	0	129	0	1,045
clevelandlivemusic	0	503	158	2,314
ChukiBeats	1	45.3K	126	24
Cubbo	0	18.2K	173	2
Copeland	1	28K	0	61
CrashAvenue	0	2,848	2	10
CAIXA Not√≠cias	0	262	19	89
CISN Country	0	1,773	0	24
Capital 95.8FM	0	364	1	23
Consultando	0	983	0	4
carbonbasedlifeforms	0	24.2K	2	87
CafeNaderi	0	385	0	0
chriscornell	0	8,444	0	0
Coritiba	0	763	19	39
CRUX RECORDS	0	23.5K	267	0
CurryCurry	0	31.5K	0	0
Conjunto Agua Azul	0	10.5K	0	0
Carypla Records	0	5,198	485	11
Colin Shin ‚Ä† ‚ô´	0	64.3K	0	2
christofferberg	0	21.7K	181	0
Curious City	0	1,467	83	965
cutie1103	0	74	36	0
cutie1103	0	74	36	0
CodexRecordings	1	11.5K	7	334
Cornish Music Department	0	310	2	13
Circle Music	0	16.1K	14	6
CoCo760	0	157	67	0
CharlesRamirezOficial	0	13.6K	1,946	3
ComingUpStanding	0	163K	90	2
Cancer Society NZ Website	0	149	0	0
callnote	0	71	2	0
ùòæùôñùô¢ùôöùô°ùôçùôûùôôùôöùôßùô®	1	6,928	743	377
CloudBass#9	0	73	1	0
ConcreteParis	0	26.4K	16	2
CoinBundle	0	4,224	6	4
CardiffJomec	0	117	4	1,587
CATCALL	1	64.8K	98	29
CNRP Radio	0	263	74	3
ChristianRich	1	23.5K	3	125
Casa de Oraci√≥n Houston	0	1,628	2	4
CharlieDarker	1	25.9K	337	45
Cxdy	0	16.6K	411	97
Children's Museum of the Arts	0	257	1	1,681
CarlosVives	1	8,691	0	302
CLR(Official)	1	48.2K	41	4
Cantor Sergei Schwartz	0	172	0	1,782
Conjunto Primavera	0	4,240	0	721
CLUB_HARLEM	0	7,114	157	195
CAIXA Not√≠cias	0	262	19	89
Church	0	22.1K	368	153
CustomGrooves	0	6,778	58	163
Connect2Sikhi	0	1,670	21	789
Consultando	0	983	0	4
Cadena Radial NOVA	0	165	0	1,978
Chris Stamey	0	71	1	170
carbonbasedlifeforms	0	24.2K	2	87
Calvary Chapel Tallahassee	0	283	0	1,457
chaz-xoxo-21	0	68	0	0
CommercialSuicide	1	21.3K	30	164
conover	0	7,498	1,396	333
Civil Hang R√°di√≥	0	138	3	1,785
Conjunto Agua Azul	0	10.5K	0	0
Codeine Boy Da BeatDealer‚ö°	0	21K	223	305
CFL America Radio	0	87	22	1,311
CU√ëAS PARA RADIO www.cu√±aspararadio.com	0	460	4	16
CORIESU ‚òÅ	0	5,283	652	33
CASSIUS	1	18.9K	12	147
Colo-Colo	0	965	0	7
CLUB RIVA	0	3,824	4	7
chystemc	0	18.6K	66	16
clinton topps aka Mr. FRESH	0	2,868	981	448
Chelsea Handler	0	28.4K	5	1
ciscoadler	0	3,901	4	75
CREAM COUTURE RECORDS	0	5,694	35	4
CEVITH	1	10.5K	38	32
Classic_FM	0	1,662	0	97
ChristianNellemose	0	30.2K	2	26
CanucksHockeyGames1040	0	434	0	3
Climbers	1	26.9K	130	76
Commodo.	1	30K	60	22
Copyright	1	16.8K	79	130
Creature Talk	0	9,391	0	2
Carleton Community Music	0	72	5	1,305
CONGRESO RADIO	0	70	8	1,444
Collin Carithers	0	31	111	0
CEVITH	1	10.5K	38	32
Classic_FM	0	1,662	0	97
ChrisAvantgarde	1	7,861	436	27
Chilltone	0	45.6K	96	0
Catch the Throne	0	15.2K	0	24
Commodo.	1	30K	60	22
CTRL Records	0	121	0	0
Casa de Adoraci√≥n Sacramento	0	576	10	862
Critical Sounds (Recordings)	0	7,909	475	565
Courteous Family	0	15K	326	228
Caribbean Mix Radio	0	11.9K	1,475	202
coopss	0	143	135	40
CZPodcast	0	1,702	0	147
Chris Tannehill	0	1,163	14	429
Coral Cat—Élica	0	8	0	1,187
CBN Teresina - 97,5 FM	0	113	1	22
Chase the Sound Records	0	31.2K	130	29
CONTEUDO 150 BPM	0	2,223	1	211
Corridos Pesados	0	9,838	4	28
Collective Beat	0	1,264	0	3
ConeCrewDiretoria	0	42K	6	1
Comade Music	0	3,796	2	294
CJOY Greatest Hits	0	181	0	118
CFAX Afternoons	0	94	0	3
Crystal Distortion	0	28K	808	74
Calming Sounds Sanctuary	0	42	0	1,072
Club4 Barcelona	0	11.9K	4	3
C.R.S.T	0	8,809	514	3
candidate	0	168	18	0
Carly Rose	0	18K	8	6
Chapter Two Records	0	355	78	8
CarlosGallardo	0	12.7K	127	5
Colbie Ong	0	5,522	25	48
CoronerRecords	0	26.3K	0	17
Chit√£ozinho & Xoror√≥	0	598	0	633
CHILL	0	59.3K	3	0
Curtis Schweitzer	0	2,237	71	6
CFAX Afternoons	0	94	0	3
Crystal Distortion	0	28K	808	74
Calming Sounds Sanctuary	0	42	0	1,072
Club4 Barcelona	0	11.9K	4	3
C.R.S.T	0	8,809	514	3
candidate	0	168	18	0
Carly Rose	0	18K	8	6
Chapter Two Records	0	355	78	8
CarlosGallardo	0	12.7K	127	5
Colbie Ong	0	5,522	25	48
Drillster BV	0	1,103	0	8
DeutscheGrammophon	1	2.01M	48	0
deccaclassics	1	1.89M	46	33
Dead Good Audio	0	617K	11	475
Documentary On One, RT√â	0	777K	0	0
DreamCrusherMedia	1	166K	437	187
Dandalin VOA	0	1,160	0	16.3K
Dancehall Africa Music Network	0	6,585	57	47
difusoraourofino	0	754	14	35
Danish Sait	0	74.6K	16	85
Dirty Music / Production	0	274K	29	27
David & The High Spirit	0	55	0	10.8K
DrSmith	0	338	0	303
DjsDelDia	0	41.3K	0	0
Driving Home For Xmas	0	745K	194	11
David Bazan	0	5,406	1	24
dreammakers	0	770	24	81
DjPrivateRyan	1	144K	24	209
D.JorgeXtremo	0	5,182	28	59
Don't Log Off	0	492K	194	13
dhme	0	7,389	132	1,366
Discover Music	0	95.7K	15	10
Di√°rio FM Macap√°	0	95	78	6,223
DawgNation Daily	0	4,719	0	1,549
Daniel Defoe	0	47	0	5,530
DIVE Studios	0	23.7K	0	3
Desansiedad	0	11.7K	8	170
djmixes	0	21.4K	165	2
DownloadLagu.Net	0	1,171	0	45
Disfruta Escuchando	0	854	28	3,638
Digital Entertainment World	0	1,940	345	1,907
DYNASTY PODCASTS	0	48K	785	902
Dragich	0	159	16	15
Deen Islam	0	166	1	4,256
DjSystemID	1	10.7K	1	488
David Feldman Show	0	36.4K	25	2,053
DJCrisFontedofunkApresenta	1	33.7K	488	787
DJRD	1	20K	519	518
Diljit Singh Dosanjh	0	31.9K	0	0
Dalel Almadeheen | ÿØŸÑŸäŸÑ ÿßŸÑŸÖÿßÿØÿ≠ŸäŸÜ ÿßŸÑÿ•ŸÜÿ¥ÿßÿØŸä	0	4,311	1	28
Dj SWEET Salsa DAVID GUADALUPE	0	1,732	213	1,934
Dave McKeown	0	310K	483	89
DJNeey	1	27.4K	38	69
Democracy Now! en Espa√±ol	0	1,385	30	3,421
Dr. Yosry Gabr ÿØ. Ÿäÿ≥ÿ±Ÿä ÿ¨ÿ®ÿ±	0	5,869	0	1,181
Dylan Altchief	0	52.9K	1	30
djzsalem	1	20.1K	4	233
djfranckroger	1	25.7K	119	227
DJ Grumble	0	33.6K	39	437
Daniel James - HybridTwo	0	9,831	28	105
Don Camillo	0	4,651	3	910
DJ DOTCOM (MIXTAPE GENIUS)	0	12.3K	1	406
dp audiobook	0	116	0	0
Decibel Magazine	0	6,704	9	159
D Ninja Productions	0	6,140	28	321
Danielle LaPorte	0	7,487	10	32
DETONA  FUNK	0	48.7K	5	41
DC Jazz Jam	0	10.8K	0	1,229
Digital San Luis	0	123	5	24
DJRap	1	27.3K	1	179
dsotis	0	173	3	63
Daniel Defoe	0	8	0	3,209
Desert Island Discs 71-75	0	451	247	8
DUD	0	51	0	0
Day6	0	42.3K	0	91
DropCentralüíß	1	67.8K	12	264
DonGoliath	1	10.9K	1	1,437
Discovery Music Records	0	3,765	8	994
DJ Leakz Mashups	0	12.8K	8	1
DeHofnar	1	96.9K	541	57
DK Pittsburgh Sports	0	1,150	2	10
Dogter van Sion	0	214	0	2,680
Donegal Sports Talk	0	632	1	36
DJJunky	1	9,574	2,000	595
djecozinho	0	7,919	636	529
DJ CK	0	13.1K	5	328
DJ JOAN	0	5,534	28	10
DJ651 (KutManKrew)	0	75.1K	243	44
DJMorenoAPP	0	6,785	13	418
Deceive	1	8,141	11	7
Desafiando o amanh√£ - Unisinos	0	574	0	2,207
Donvito Roundtable	0	260	5	1
Discover the Word	0	417	4	1,647
dj caluda	0	1,560	71	1,910
Dj tiesto	0	39.9K	1	3
Daniel LeBlanc	0	13	0	2,442
DEKONSTRUKTIV KRITIK	0	5,285	26	211
DJ Nick	0	49.3K	30	28
drjasem	0	8,341	0	240
Disco Deviance	0	31.9K	74	117
DJ ICE Dancesport Music	0	6,395	28	311
DJKurse	0	1,158	51	50
Daroul Birr	0	223	0	2,062
Domo Wilson	0	58.2K	0	23
diocese alsace	0	113	2	1,986
DENEU! DENUDES!	0	11.1K	0	34
Datagroove	0	3,951	145	1,087
Dr. Kavarga Podcast	0	591	1,999	3,838
djbrisk	0	12.9K	516	727
Dragoste pentru AdevƒÉr	0	149	0	1,771
DJVIVAEDIT	0	21.5K	3	113
DENEU! DENUDES!	0	11.1K	0	34
Datagroove	0	3,951	145	1,087
Drizzy	0	24.5K	0	0
djbrisk	0	12.9K	516	727
Dragoste pentru AdevƒÉr	0	149	0	1,771
diplo approved	0	51.7K	16	1
Deeply Rooted	0	14.8K	91	169
Diwon	0	44K	46	12
DARREN EMERSON	0	32.7K	196	55
DynamicReflection	1	10.1K	328	594
DEARDEERMUSIC	1	4,585	68	484
DJ BIANO SJM	0	19.4K	1,999	406
DJ GB DO SALGUEIRO	0	61.5K	1	70
Da Fraunz & Stefan Bergmann	0	2	0	2,124
DIFFERENTRECORDS	1	6,377	105	305
DjCuiloCostaRica	1	52.9K	2	22
driftlessrecordings	0	5,124	38	165
Dog & Panther	0	65.8K	8	25
drikin	0	1,537	49	663
DJ GB DO SALGUEIRO	0	61.5K	1	70
DIFFERENTRECORDS	1	6,377	105	305
DjCuiloCostaRica	1	52.9K	2	22
driftlessrecordings	0	5,124	38	165
Dog & Panther	0	65.8K	8	25
drikin	0	1,537	49	663
DL MEDIA	0	275	8	123
Daily Bread for Busy Moms	0	354	0	1,846
DuyeahSeal	0	51	1	2,023
DJWESLEYGONZAGA	1	108K	27	97
Die Filmfabrik	0	3,705	5	128
DJ Spider (NY/NJ)	0	11.6K	25	49
Devid Dega	0	3,904	423	344
DROPKILLERZ	1	33.6K	252	7
Duplo Expresso	0	1,165	3	0
DJ RayMambo	0	4,439	54	358
DJ DRIZZY TRAP KING C.R.	0	36.8K	14	88
Dietrich Fischer-Dieskau	0	59	0	1,834
Desert Radio AZ Podcasts	0	175	6	1,739
Deep Sleep Music Academy	0	110	0	1,748
DJ LECO JPA	0	5,138	50	46
DJ MOZA	0	88K	20	1
DANNY MART	0	16.9K	997	4
DBN	1	10.6K	4	124
Denise Green 4	0	64	6	0
DJ Roman Roxford	0	2,149	733	23
DENIS HORVAT'S MUSIC	0	64.8K	131	12
Deemaks	0	15.6K	2	0
David Jones (Official)	0	10.3K	2	105
dasracist	0	31.7K	0	18
Disasterpeace	1	15.6K	99	31
dankojones	0	1,527	0	489
DAN FIETSAM 65	0	156	6	1,166
D.VELOPED	0	31K	13	10
DJWENDELCZR¬Æ	1	33.7K	52	5
david van brugen	0	355	284	42
Dave Haynes	0	15K	793	50
Diego Stocco	0	3,697	4	58
DANSE CLUB	0	7,000	2	235
Dras On The Beat - Hip Hop Beats	0	2,312	7	585
DiMO(BG)	1	17.8K	306	133
Die Wynstok	0	96	0	1,477
Douglas Elliman Real Estate	0	840	1	871
djstevehill	0	11.7K	12	216
DixonBeats	1	7,180	205	274
DIALOGO CON EL PUEBLO	0	267	1	1,489
DJAlexContreras	1	21.7K	758	26
DISCO DASCO	0	13.2K	8	127
DJ Joe & DJizzo	0	9,734	581	207
D√©cha√Æn√©	0	2,503	1	5
Docdocdoc	0	227	22	6
Dandapani	0	3,383	0	107
DeeVuRecords	1	16.1K	1,252	516
dachshund	1	16.9K	522	201
D-EDGE Records	0	10K	24	254
DJ FRANK BROWN	0	182	25	149
DJ ShuloMixx	0	4,190	1	127
DJ LECO JPA	0	5,138	50	46
DJ Lawrence - Chicago	0	2,508	51	492
Dead And Gone	0	208	2	27
DENIS HORVAT'S MUSIC	0	64.8K	131	12
Diffuse Reality	0	7,977	406	424
DJ STAKZ	0	13.1K	301	151
Donald Byrd	0	604	0	1,053
D-wayne	1	18.4K	145	97
Dj Cengizz	0	6,774	124	91
Deep Meditation Academy	0	96	0	1,364
DjAseel	0	16.8K	0	50
DJALMF3	0	4,591	2	140
DolbomChurch	0	109	0	1,453
DAN FIETSAM 65	0	156	6	1,166
Dj Miltonja	0	6,991	2	186
Duke Keats	0	40	32	15
David Talley 7	0	149	14	1,456
Darul Murtadza	0	1,432	0	4
DJ DOIT	0	5,062	52	153
Dariush Eghbali	0	15.9K	1	35
Derek Andrews	0	30	10	1,434
DJ Spivey	0	6,779	195	186
DJJUK	1	17.6K	0	42
dgalbraith-Official	0	4,201	0	1
Dana Ruh	0	25.9K	106	53
Dialtone Records	0	6,157	46	338
DJ JV DE VILA VELHA ‚ô´ ‚ô©	0	56K	418	24
Delirious & Alex K	0	23K	357	22
DJ Panda	0	14.7K	72	37
Dubstep24	0	24.8K	1,960	243
Disco Tech Edits	0	30.3K	2	29
DCALL (K√™nh th√¥ng tin t√†i s·∫£n ƒë·∫ßu t∆∞)	0	1,574	1	427
DJ CARLINHOS DA S.R  ‚ú™ / @djcarlinhosdasr	0	16.8K	974	213
edition a H√∂rb√ºcher	0	21	0	11.8K
Ex-ReggeliShow	0	7,112	0	10
egoFM	0	3,907	143	28
elTOQUE	0	56K	0	29
EssentialMusic	1	200K	46	373
Escucha Simphony	0	419	0	12
Erin Burnett OutFront	0	60.3K	1	4
Earwolf	1	65.5K	29	333
EL CULTO DE HOY EN CASA	0	370	1	5,034
EDE FM	0	252	12	4,915
Eter	0	241	57	0
Experience Sikhi	0	4,537	21	2,001
Edita Oppiminen	0	332	0	3,424
Espiritismo.net	0	1,021	0	10
EFD TOKYO JAPAN	0	13.2K	0	768
EricKauffmann	1	71.9K	237	47
Everything Sounds	0	474K	120	65
earbro	0	343	63	3,939
Evokings	0	64.1K	155	22
Edinburgh Festival Fringe	0	315K	1	4
Edinburgh Festival Fringe	0	315K	1	4
Embassy-One	0	3,432	4	2
ELEVATE	0	15K	2	510
EDMR.TV	0	84K	1,153	131
Ege Cinel	0	24.8K	7	0
Elation	0	54.8K	90	3
emmyrossum	0	65.8K	0	30
Estaci√≥n K2	0	301	6	9
E SENS	0	67.4K	10	14
El-Joker	0	138K	0	36
eisenwaren	0	2,520	117	1,444
EMPLOYEE of the MONTH	0	45.5K	86	3
EmergencyProductionMusic	0	159	7	8
elmetrosalsero.com	0	2,583	1	43
English National Opera	0	3,996	0	654
Evan Luzania	0	709	1,202	3,728
ertradioprograms	0	397	41	14
eMarketer	0	2,568	12	1,290
ESPN-International	0	18.4K	0	8
Elissa Lovers	0	38.4K	0	0
eMarketer	0	2,568	12	1,290
ESPN-International	0	18.4K	0	8
Elissa Lovers	0	38.4K	0	0
earcandy.music	0	96	1	1
Earl Hines	0	34	0	2,427
Evan Craft (Official)	0	13.3K	2	150
erynallenkane	0	21K	0	10
El Mediador R√≠o Gallegos	0	94	49	2,539
ETHIKA MUSIC	0	65	0	2
Emotional Rescue	0	7,142	88	458
EzzaJunior_	1	11.1K	72	288
Erick Sebastien Borburema	0	40	1	0
educationalrap	0	14.4K	25	448
Efek Rumah Kaca	0	44.2K	3	15
ELrepGH	0	12.1K	13	196
EnlaMIRA.net	0	309	88	21
ESSENTIEL radio	0	432	7	1,091
EDNOTBROKE	0	51.5K	0	35
earthcore	0	11.9K	399	2
Erwin Schrott	0	333	0	30
Ehab Tawfik - ÿ•ŸäŸáÿßÿ® ÿ™ŸàŸÅŸäŸÇ	0	18K	0	277
Enigma Racing	0	156	0	1,940
EuropeanSpaceAgency	1	14.6K	17	152
edit_select	1	17.4K	31	299
erynallenkane	0	21K	0	10
Edgar Wallace Reihe	0	9	0	2,472
Express Groove	0	122	0	2,222
Extended Latino	0	9,044	5	146
Envelope Structure	0	3,002	1,474	1,257
Epic Stock Media	0	923	71	1,894
ETHIKA MUSIC	0	65	0	2
Everyone Is Right	0	1,223	38	232
Europa FM	0	1,660	0	5
Elite Marketing Pro	0	1,368	1	1,139
Eonity	1	78.8K	679	2
ESTACION DE RADIO	0	111	1	2,178
E l C e S a R Ë®òÈå≤	0	4,552	9	55
EDMLead Selection	0	91K	2	16
EscapeTakeover	0	14.1K	0	0
Editorial Draco	0	157	0	1,776
English Access	0	296	5	0
E.T.A. Hoffmann	0	4	0	1,494
eatdatcake	0	38.8K	19	0
EPIGRŒõFF'	0	27.3K	20	73
Enrique Santos Radio	0	3,233	14	29
Electro House @ EDM Joy	0	65.7K	13	5
ErikHassle	1	14.9K	77	72
ESP Sound Systems	0	149	45	946
EXPLORE	1	23.6K	947	85
ECSTASY	0	44.4K	0	9
Energia 97 FM	0	5,044	36	5
ExposedBeats	0	264	141	0
EMIClassicsUS	0	7,387	0	0
Elee Bermudez	0	22.1K	290	48
Edouses Prometheuses	0	548	567	27
EarthFix	0	232	117	34
ExceedingGrace	0	211	1	878
Evan Rasputin	0	44.3K	5	27
Egea Music	0	39	0	30
European Tour	0	207	1	15
Electronica Records	0	9,306	150	311
ERKAM RADYO	0	178	0	1,547
EDM Crime	0	39.2K	43	1
Electronic Groove en Espa√±ol	0	14.1K	1,468	210
elm_norayn	0	92	0	2
Entspannungsmusik Sina Donen	0	5	0	1,627
Exile_Music	0	18.4K	240	18
El Rancho Deluxe	0	221	31	15
Elizabeth Lin	0	63	0	1,395
Eagle Radio	0	80	2	1,547
ELECTRICO 18	0	97	12	880
Epicenter	0	2,833	34	442
entertainmentweekly	0	1,129	12	9
Ekonovah	1	17.3K	712	6
English Access	0	296	5	0
Erotic Massage Music Ensemble	0	432	0	949
EUphoria Podcast	0	3,183	0	130
El Anzuelo Radio	0	126	6	1,179
EASTENDERZ	1	12.4K	0	166
eghadelatoya	0	11.2K	4	19
El Camino al Coraz√≥n	0	226	0	882
ExcellentTalent	0	141	32	87
Ema	0	188	27	1,206
El Genio Equivocado	0	1,159	145	396
espnwestpalm	0	176	0	1,289
e-Daiyah	0	721	26	662
Edouses Prometheuses	0	548	567	27
Electronic Music Group	0	17.9K	1,982	0
everardo gout	0	8	1	0
ùêÑ ùêÄ	0	5,648	10	27
Egea Music	0	39	0	30
Ezreaux Damari	0	3,887	0	48
e-Oppi	0	23	0	605
EC Podcast Media	0	73	57	1,299
Eliseo Robles	0	228	0	911
EDI8 - First / Gr√ºnd / 404 √©ditions...	0	71	1	0
EdwardMaddoxBauer	0	4	90	0
Elite Fantasy Network	0	528	0	8
Everything Frank Ocean	0	38.3K	22	8
Ean Golden	0	12.5K	20	45
ElstonGunn	0	246	6	29
Eagle-iMusic	0	489	8	1
Eleven	0	9,943	27	20
euranetplus_spa	0	114	5	33
Emergency Gate	0	25K	1	11
EZRA	0	32.6K	27	0
Exposi√ß√£o B√≠blica com Michel Augusto	0	277	0	15
Elaguileraa	0	2,069	24	59
earMUSIC US	0	56	3	8
Exige	0	9,427	0	2
El Puma De Sinaloa	0	215	0	721
Eddie Fisher	0	40	0	836
EndricoTeneh	0	4,134	4	47
ELEGUA MUSIC CORP	0	146	80	56
ebihamedi.com	0	13.8K	0	7
EDM Area	0	27.1K	20	1
Earnest Endeavours	0	16.5K	559	24
emusdjmix	0	9,646	22	60
eat this.	0	41.1K	27	12
EL HERALDO	0	138	0	56
ExcellentTalent	0	141	32	87
Exclusive Drops	0	63.2K	8	0
Ema	0	188	27	1,206
El Genio Equivocado	0	1,159	145	396
e-Daiyah	0	721	26	662
Edouses Prometheuses	0	548	567	27
ELIAS FUNK ‚ú™	0	7,460	8	421
Electronic Music Group	0	17.9K	1,982	0
everardo gout	0	8	1	0
EDM FAMILY 2.0	0	21.4K	61	24
ùêÑ ùêÄ	0	5,648	10	27
Egea Music	0	39	0	30
Ezreaux Damari	0	3,887	0	48
e-Oppi	0	23	0	605
Echo Network	0	146	17	1,162
EDI8 - First / Gr√ºnd / 404 √©ditions...	0	71	1	0
EdwardMaddoxBauer	0	4	90	0
Elite Fantasy Network	0	528	0	8
E1111	0	201	103	1,704
Everything Frank Ocean	0	38.3K	22	8
Emergences : se changer, changer le monde !	0	592	0	135
Enoch Escalante	0	7	0	994
Elaguileraa	0	2,069	24	59
EarthQuaker Devices	0	208	0	673
Ensamble de Musique M√©ditation	0	38	0	884
EileMonty	0	4,872	8	51
EML Recordings	0	19.4K	1,640	187
eMBi Music / Daniele Casa	0	2,217	1,087	711
Ele Soundtracks	0	1,085	33	43
El Puma De Sinaloa	0	215	0	721
Esportz Network	0	127	0	962
Elephant Stone	0	2,871	8	157
ElverMusic	0	5,567	38	35
Exam Study Background Music Consort	0	287	0	697
EndricoTeneh	0	4,134	4	47
EUZET	0	2,024	2,000	1,233
eMeL_Dosisdb	0	10.5K	418	231
Eastside Assembly	0	115	0	897
Emperor Recordings	0	315	373	888
Educa√ß√£o Cl√°ssica	0	2,227	54	112
Eazy Breezy	0	17.3K	0	0
EmunaHoy	0	245	1	753
Eric Duncan aka Dr Dunks	0	11.2K	273	44
EDM Livesets	0	3,893	3	343
enduser	0	7,541	99	189
EzzaJunior_	0	5,369	7	74
exploreyourtown	0	90	0	1
Erock Beats	0	1,876	107	520
Every Nation Kirche Berlin	0	233	0	684
euranetplus_spa	0	114	5	33
